price/area/room,price,area,price/area,price/rooms,bedrooms,bathrooms,washingmachine,dtcenter,dtrec,dthospital,hotwater,ac,furnish,parking,security
64473.68,6447368,100,64733,6447368,1,2,1,0.533995268,0.238046972,0.91646069,1,1,1,1,1
76140.34667,5710526,75,76140,5710526,1,2,1,1.082126365,0.511823127,0.549269403,1,1,1,1,2
88929.22414,5157895,58,89703,5157895,1,2,1,0.84923318,0.145302363,0.945767851,1,1,0,1,2
39074.96212,5157895,132,39075,5157895,1,1,1,0.61629466,0.467292887,0.454600836,1,1,2,1,0
62348.17949,4863158,78,62348,4863158,1,1,1,1.118866803,0.284371443,0.269431708,1,1,1,1,1
55479.87059,4715789,85,55480,4715789,1,1,1,1.360298244,0.239153082,0.471036096,1,1,2,1,1
101716.2391,4678947,46,101716,4678947,1,2,1,1.080034344,0.374261734,0.808828797,1,1,2,1,2
72820.71875,4660526,64,72594,4660526,1,2,1,1.12041868,0.239992656,1.056898099,1,1,1,1,2
107099.1395,4605263,43,106603,4605263,1,2,1,0.959260678,0.141899804,1.11286486,1,1,1,1,2
63450.29167,4568421,72,63849,4568421,1,2,1,1.143821617,0.171175893,0.738153104,1,1,0,1,2
98913.04348,4550000,46,99781,4550000,1,1,1,0.513722931,0.538857642,0.758209391,1,1,2,1,2
56172.83951,4550000,81,56522,4550000,1,1,1,0.706561047,0.594448269,0.177843126,1,1,2,1,1
51285.88636,4513158,88,51286,4513158,1,1,1,0.997175601,0.362795477,0.350552115,1,1,2,1,1
74236.85,4454211,60,74237,4454211,1,2,1,0.911301748,0.225426033,0.129793623,1,1,1,1,2
63157.9,4421053,70,63158,4421053,1,1,1,1.466290497,0.128551444,0.501556697,1,1,1,1,2
58947.37333,4421053,75,59145,4421053,1,1,1,1.156965936,0.549052333,1.074784862,1,1,0,1,1
49674.75281,4421053,89,49815,4421053,1,1,1,1.072599115,0.455819951,0.162673532,1,1,1,1,1
71842.1,4310526,60,72324,4310526,1,2,1,0.79332315,0.375105097,0.429698993,1,1,0,1,1
60758.94286,4253126,70,60759,4253126,1,1,1,1.275319095,0.474947346,0.560772032,1,1,2,1,1
56442.10667,4233158,75,56578,4233158,1,1,1,0.826563539,0.564521506,0.908669353,1,1,2,1,2
69846.48333,4190789,60,69846,4190789,1,2,1,0.839979103,0.378126552,0.260380048,1,1,0,1,2
62799.04545,4144737,66,63278,4144737,1,1,1,1.10425849,0.345847775,1.05851015,1,1,2,1,2
64473.6875,4126316,64,64879,4126316,1,1,1,0.715266676,0.453287959,0.636613079,1,1,2,1,1
62348.18462,4052632,65,62541,4052632,1,1,1,1.86868455,0.508797136,0.287743409,1,1,0,1,2
66315.78333,3978947,60,66316,3978947,1,2,1,1.746972007,0.490414829,0.438884329,1,1,1,1,1
66008.76667,3960526,60,66009,3960526,1,2,1,1.733636054,0.515122181,0.144906622,1,1,2,1,2
59728.86364,3942105,66,59729,3942105,1,1,1,1.317614708,0.286352763,0.262994445,1,1,2,1,2
91248.46512,3923684,43,91248,3923684,1,2,1,1.510233498,0.300936482,0.323407097,1,1,0,1,1
61988.30159,3905263,63,61743,3905263,1,1,1,1.060810276,0.32187146,0.930414991,1,1,0,1,2
52773.82432,3905263,74,52490,3905263,1,1,1,1.469987326,0.579385639,1.082014295,1,1,1,1,2
52773.82432,3905263,74,52490,3905263,1,1,1,1.448631259,0.483070834,0.605963215,1,1,0,1,1
74392.71154,3868421,52,75115,3868421,1,1,1,1.939758157,0.42524813,0.55057366,1,1,1,1,1
64473.68333,3868421,60,64474,3868421,1,1,1,1.346494272,0.552117255,0.860469479,1,1,1,1,2
64473.68333,3868421,60,64474,3868421,1,1,1,0.690543595,0.584008638,0.710724301,1,1,0,1,2
63245.61667,3794737,60,63246,3794737,1,2,1,1.339693834,0.381309544,0.320090545,1,1,2,1,1
62631.58333,3757895,60,62632,3757895,1,1,1,1.549543815,0.179450215,0.683725381,1,1,1,1,1
41809.58427,3721053,89,41904,3721053,1,1,1,0.669388035,0.152206291,0.122404713,1,1,1,1,0
32894.74107,3684211,112,32968,3684211,1,0,1,1.707621693,0.327969751,0.323498856,0,0,2,1,0
40981.66292,3647368,89,41074,3647368,1,1,1,1.13454312,0.424717524,0.632626385,1,1,2,1,1
27631.57576,3647368,132,27632,3647368,1,0,1,1.467474873,0.523257075,0.772819861,0,1,2,1,1
47129.18182,3628947,77,47129,3628947,1,1,1,1.064291285,0.268167944,1.122731659,1,1,0,1,1
60175.43333,3610526,60,60175,3610526,1,1,1,1.600313338,0.567500625,1.335882184,1,1,2,1,1
89342.1,3573684,40,89342,3573684,1,1,1,1.1805958,0.299950655,1.332254315,1,1,1,1,1
70736.84,3536842,50,70455,3536842,1,1,1,2.332267222,0.34915365,1.351267096,1,1,0,1,1
53309.40909,3518421,66,53309,3518421,1,1,1,1.681492066,0.321102021,1.020348319,1,1,2,1,2
47297.2973,7000000,74,94340,3500000,2,2,1,1.286247718,0.577890107,0.382058839,1,1,2,2,2
87500,3500000,40,86634,3500000,1,1,1,1.482848614,0.156319399,0.566178262,1,1,2,1,1
61403.50877,3500000,57,61404,3500000,1,1,1,1.586105137,0.519759295,1.053839574,1,1,2,1,1
58333.33333,3500000,60,58333,3500000,1,1,1,2.43007653,0.161803891,0.684144725,1,1,2,1,2
54687.5,3500000,64,54517,3500000,1,1,1,1.454896271,0.500593058,0.76387798,1,1,2,1,1
53846.15385,3500000,65,53846,3500000,1,1,1,1.275026706,0.281813243,1.26981396,1,1,2,1,1
58149.11667,3488947,60,58149,3488947,1,1,1,1.441618753,0.334725352,1.315403927,1,1,1,1,1
87039.475,3481579,40,87039,3481579,1,2,1,1.743265715,0.331581398,1.13065205,1,1,1,1,1
33157.89524,3481579,105,33158,3481579,1,1,1,1.221175297,0.121502957,0.707644871,0,1,2,1,1
57719.3,3463158,60,57719,3463158,1,1,1,2.152958852,0.498288862,0.422787621,1,1,1,1,1
90166.21053,3426316,38,91125,3426316,1,2,1,2.2376916,0.145616305,0.71115356,1,1,1,1,2
51139.04478,3426316,67,51369,3426316,1,1,1,1.521448936,0.145871154,0.835764197,1,1,0,1,2
41280.91566,3426316,83,41531,3426316,1,1,1,1.410775021,0.213300058,0.436301794,1,1,2,1,0
85197.375,3407895,40,86058,3407895,1,1,1,1.766453856,0.258426191,0.87918136,1,1,1,1,2
46052.63514,3407895,74,45990,3407895,1,1,1,1.651367901,0.470155113,0.709925733,1,1,0,1,1
67789.48,3389474,50,67789,3389474,1,1,1,2.430027198,0.45543188,0.381386142,1,1,1,1,2
49682.66176,3378421,68,50051,3378421,1,1,1,1.787152344,0.225250649,1.339564302,1,1,2,1,1
70230.27083,3371053,48,70230,3371053,1,1,1,1.812383154,0.512025604,0.732157972,1,1,2,1,2
80872.90244,3315789,41,80873,3315789,1,2,1,2.498514459,0.20277674,1.201840756,1,1,1,1,2
51809.20313,3315789,64,51809,3315789,1,1,1,2.231325468,0.54517218,0.990170584,1,1,1,1,2
46052.625,3315789,72,46053,3315789,1,1,1,1.980753883,0.491808558,1.357265685,1,1,1,1,1
36842.1,3315789,90,36842,3315789,1,1,1,2.172307822,0.165342482,0.341057449,1,1,2,1,1
50183.40909,3312105,66,50183,3312105,1,1,1,1.049183293,0.467048514,1.226328289,1,1,0,1,2
59617.21818,3278947,55,59617,3278947,1,1,1,2.029462775,0.248150426,1.012163661,1,1,0,1,1
49681.01515,3278947,66,49681,3278947,1,1,1,1.655815664,0.345129766,0.454943681,1,1,0,1,1
59282.29091,3260526,55,59282,3260526,1,1,1,2.321637301,0.159421822,1.233242322,1,1,1,1,1
59282.29091,3260526,55,59282,3260526,1,1,1,1.006621979,0.30996654,1.00720242,1,1,2,1,1
50945.71875,3260526,64,51347,3260526,1,1,1,1.681633882,0.475148006,1.122040735,1,1,2,1,2
72046.77778,3242105,45,72047,3242105,1,1,1,1.301389261,0.152686109,1.022630142,1,1,0,1,1
35818.71111,6447368,90,71957,3223684,2,2,1,0.656683902,0.27035845,0.990843701,1,1,2,2,2
50370.0625,3223684,64,50213,3223684,1,1,1,1.035240018,0.211119976,0.640507041,1,1,0,1,2
42859.64667,6428947,75,85719,3214473.5,2,1,1,1.106515327,0.527156691,1.017180943,1,1,2,2,2
48564.59091,3205263,66,48565,3205263,1,1,1,1.502628935,0.131873519,0.690875,1,1,1,1,1
38157.89286,3205263,84,38286,3205263,1,1,1,2.403813492,0.273871005,0.467871684,1,1,0,1,1
33349.78125,3201579,96,33280,3201579,1,0,1,2.142908819,0.330666963,0.409050997,1,0,2,1,0
46594.42647,3168421,68,46594,3168421,1,1,1,1.567937345,0.510979186,0.501395469,1,1,2,1,0
45919.14493,3168421,69,45919,3168421,1,1,0,1.638520738,0.470652933,0.961070902,1,1,0,1,1
39605.2625,3168421,80,39605,3168421,1,1,0,2.088801153,0.210354721,1.33056676,1,0,1,1,0
48930.92188,3131579,64,48778,3131579,1,1,0,1.34164222,0.458724186,0.888266026,1,1,2,1,1
48178.13846,3131579,65,47994,3131579,1,1,1,1.81021756,0.473634079,0.959708671,1,1,2,1,2
48178.13846,3131579,65,47883,3131579,1,1,0,2.165799152,0.268384078,1.161821278,1,1,2,1,2
44736.84286,3131579,70,44609,3131579,1,1,1,1.551332801,0.338429988,0.581826606,1,1,1,1,0
43494.15278,3131579,72,43308,3131579,1,1,1,1.785701584,0.311408375,0.821152356,1,1,1,1,0
20050.60897,3127895,156,20051,3127895,1,1,0,2.003144034,0.828862854,0.391857001,1,1,1,1,0
47611.33846,3094737,65,47611,3094737,1,1,1,1.386833403,0.693891891,0.510088053,1,1,0,1,2
42982.45833,3094737,72,43223,3094737,1,1,0,1.63002331,0.318373103,0.399685127,1,1,0,1,1
56200.96364,3091053,55,56201,3091053,1,1,0,2.089219116,0.175319733,0.886274599,1,1,2,1,1
26878.72174,3091053,115,26973,3091053,1,0,1,1.443221756,0.222842223,1.182156809,1,1,1,1,1
64320.16667,3087368,48,64320,3087368,1,2,0,1.861758172,0.318150649,1.209652601,1,1,0,1,1
63706.14583,3057895,48,63706,3057895,1,2,0,1.940265304,0.256058114,1.141425699,1,1,0,1,1
58805.67308,3057895,52,58806,3057895,1,1,0,1.510991686,0.753060316,0.405405174,1,1,1,1,2
43631.58571,3054211,70,43632,3054211,1,1,0,2.142687379,0.453940144,1.102023987,1,1,1,1,0
50657.9,3039474,60,50658,3039474,1,1,1,2.145059204,0.505618143,0.54095388,1,1,0,1,2
60421.06,3021053,50,60421,3021053,1,1,0,1.506222319,0.854058588,1.234604574,1,1,1,1,2
52087.12069,3021053,58,52087,3021053,1,1,1,3.063934485,0.265905587,1.347361955,1,1,0,1,2
47203.95313,3021053,64,47501,3021053,1,1,0,3.039458428,0.732095555,1.249934695,1,1,2,1,1
40576.10135,6005263,74,80933,3002631.5,2,2,1,0.682493378,0.402562246,0.621743432,1,1,2,2,1
58947.36,2947368,50,58947,2947368,1,1,0,3.443049355,0.766641329,0.927029035,1,1,2,1,1
57791.52941,2947368,51,57386,2947368,1,1,1,3.112984258,0.72830638,0.779092949,1,1,0,1,2
53588.50909,2947368,55,53589,2947368,1,1,0,2.627676032,0.508197203,1.276504589,1,1,1,1,2
46052.625,2947368,64,46342,2947368,1,1,0,2.899028501,0.331616698,0.734008803,1,1,1,1,0
28070.17143,2947368,105,28070,2947368,1,0,1,2.594637968,0.236836645,1.214701333,0,0,1,1,0
88197.75758,2910526,33,88198,2910526,1,1,1,3.060977147,0.483521787,0.944477093,1,1,1,1,2
78662.86486,2910526,37,79740,2910526,1,2,0,2.612201977,0.609346229,0.738413306,1,1,1,1,2
47713.54098,2910526,61,47714,2910526,1,1,0,3.471003276,0.466613136,1.092867381,1,1,2,1,1
42128.14493,2906842,69,42128,2906842,1,1,1,3.194190119,0.847558094,1.00617247,1,1,1,1,1
36151.3125,2892105,80,36242,2892105,1,1,1,2.775668064,0.333556902,0.589188069,1,0,1,1,1
89802.625,2873684,32,91228,2873684,1,1,1,3.120748291,0.241879746,1.160691808,1,1,2,1,1
47109.57377,2873684,61,47110,2873684,1,1,1,2.761649713,0.645358822,1.236854567,1,1,1,1,2
41989.16176,2855263,68,41835,2855263,1,1,0,3.145284765,0.353839986,1.452045567,1,1,1,1,0
42340.92537,2836842,67,42278,2836842,1,1,1,2.948194897,0.266962508,1.820223945,1,1,2,1,1
43587.04615,2833158,65,43925,2833158,1,1,0,2.518189855,0.427407049,0.76512749,1,1,0,1,0
35897.4359,2800000,78,35897,2800000,1,1,0,2.715500682,0.729426254,0.733919278,1,0,0,1,1
60469.1087,2781579,46,60469,2781579,1,1,0,3.217287418,0.604851328,1.276800986,1,1,1,1,2
72714.68421,2763158,38,72715,2763158,1,1,1,2.664617169,0.813301437,0.859596636,1,1,0,1,2
50239.23636,2763158,55,50239,2763158,1,1,1,3.415453918,0.636218253,0.999133889,1,1,1,1,1
32894.7381,2763158,84,32895,2763158,1,0,1,3.115489038,0.175710463,1.246916623,1,0,0,1,1
32507.74118,2763158,85,32431,2763158,1,0,1,3.442810136,0.199077427,1.6807806,0,0,2,1,1
26826.7767,2763158,103,26908,2763158,1,0,1,3.254821254,0.837644497,0.779839654,1,0,1,1,0
45237.27869,2759474,61,45611,2759474,1,1,1,2.857860628,0.565417604,1.159409717,1,1,1,1,1
38762.04225,2752105,71,38844,2752105,1,1,0,3.352670188,0.505964054,0.647222329,1,0,1,1,0
85773.03125,2744737,32,86312,2744737,1,1,0,2.685907466,0.784848133,1.254411226,1,1,1,1,1
38121.34722,2744737,72,38121,2744737,1,1,0,3.17593706,0.751199285,1.015780996,1,1,2,1,0
79643.97059,2707895,34,79410,2707895,1,1,0,2.79874358,0.223016879,0.690825692,1,1,1,1,1
33848.6875,2707895,80,33934,2707895,1,1,0,3.111750667,0.622445275,0.516228624,0,1,1,1,1
89649.13333,2689474,30,89649,2689474,1,1,0,3.122632265,0.380178552,0.67201071,1,1,2,1,1
89649.13333,2689474,30,89649,2689474,1,1,0,2.69383027,0.828555444,0.490075723,1,1,0,1,1
44089.7377,2689474,61,44090,2689474,1,1,1,3.050507685,0.303739046,1.322976415,1,1,1,1,1
23591.87719,2689474,114,23571,2689474,1,1,1,3.136174351,0.721912131,1.635141273,1,1,2,1,0
46860.57895,2671053,57,46697,2671053,1,1,1,3.048414128,0.873453758,0.370398913,1,1,0,1,0
31058.75,5342105,86,62262,2671052.5,2,1,1,1.142821538,0.529533753,0.581665099,1,1,1,2,1
16487.9784,5342105,162,32976,2671052.5,2,1,1,0.761547792,0.422589457,0.773902379,0,1,0,2,0
75789.48571,2652632,35,74933,2652632,1,2,1,2.907095056,0.704114161,0.569265705,1,1,1,1,1
40191.39394,2652632,66,40191,2652632,1,1,1,3.093147596,0.322440909,1.653318771,1,1,2,1,1
24790.95327,2652632,107,24791,2652632,1,1,0,2.594378833,0.262673877,0.510766698,0,0,1,1,1
55186.39583,2648947,48,55186,2648947,1,1,0,3.28806231,0.280306712,1.238766411,1,1,1,1,2
32124.52439,2634211,82,32322,2634211,1,0,1,3.34608781,0.431171679,1.219692785,0,0,1,1,0
33971.28571,2615789,77,34033,2615789,1,1,0,3.029019721,0.220240626,0.985912371,0,0,1,1,1
93157.89286,2608421,28,93158,2608421,1,1,0,3.322841743,0.177325281,1.488674055,1,1,1,1,1
32066.27778,5194737,81,64133,2597368.5,2,1,1,1.417275064,0.21811932,0.258086958,1,1,2,2,1
44023.18644,2597368,59,43668,2597368,1,1,1,2.500423995,0.611589493,1.139798644,1,1,1,1,1
61491.2381,2582632,42,61491,2582632,1,1,0,2.949851245,0.222876102,1.838213149,1,1,2,1,1
85964.9,2578947,30,86833,2578947,1,2,1,2.827766843,0.583724374,1.604973855,1,1,1,1,2
85964.9,2578947,30,85965,2578947,1,1,0,3.000806672,0.780897149,0.579376147,1,1,1,1,2
62901.14634,2578947,41,62978,2578947,1,1,1,3.085056166,0.757226567,0.704794403,1,1,1,1,2
62901.14634,2578947,41,62596,2578947,1,1,1,3.083927088,0.407667988,1.224097837,1,1,1,1,2
57309.93333,2578947,45,57056,2578947,1,1,0,2.838581992,0.79597697,1.717903095,1,1,1,1,1
56064.06522,2578947,46,55509,2578947,1,1,1,3.066724024,0.380369579,0.425017385,1,1,1,1,1
53728.0625,2578947,48,54066,2578947,1,1,1,3.350859191,0.641026754,0.732837009,1,1,1,1,1
44464.60345,2578947,58,44465,2578947,1,1,0,2.506879954,0.273930525,1.355774368,1,1,1,1,0
40935.66667,2578947,63,40936,2578947,1,1,1,2.514615755,0.868007528,0.95415641,1,1,1,1,1
38491.74627,2578947,67,38377,2578947,1,1,1,2.976355222,0.39336988,1.411769008,1,0,0,1,0
19991.83721,2578947,129,19992,2578947,1,0,1,2.876675465,0.872827891,1.673360801,0,1,2,1,0
58193.77273,2560526,44,58863,2560526,1,1,1,2.623211963,0.867954754,0.475367153,1,1,0,1,1
42460.525,5095263,60,84921,2547631.5,2,2,1,0.831711677,0.244706999,0.41490135,1,1,1,2,1
60526.30952,2542105,42,61108,2542105,1,1,0,2.866299652,0.823463984,1.06700046,1,1,0,1,2
52960.52083,2542105,48,52796,2542105,1,1,0,2.763382085,0.872407419,1.057872453,1,1,1,1,2
42368.41667,2542105,60,42088,2542105,1,1,0,2.640580174,0.244013383,1.337897126,1,1,1,1,0
36842.10145,2542105,69,37046,2542105,1,1,0,3.179017465,0.183617438,0.702949602,1,0,2,1,1
36052.62857,2523684,70,36053,2523684,1,1,0,2.606428501,0.646936216,0.646312019,1,0,0,1,0
39766.07937,2505263,63,39634,2505263,1,1,1,3.079707557,0.609905257,1.353770833,1,0,2,1,0
27231.11957,2505263,92,27332,2505263,1,1,0,3.112185938,0.435585377,1.660555077,1,1,1,1,0
24561.40196,2505263,102,24465,2505263,1,0,0,2.728639285,0.555000618,1.137207013,0,1,0,1,0
39087.17188,2501579,64,38844,2501579,1,1,1,3.094227775,0.810888351,0.614037679,1,1,1,1,0
68567.25,2468421,36,68001,2468421,1,1,1,3.16431026,0.318601366,0.498281492,1,1,1,1,1
57405.13953,2468421,43,57139,2468421,1,1,1,2.767732906,0.173479487,1.864001452,1,1,1,1,1
47469.63462,2468421,52,47745,2468421,1,1,1,2.913297309,0.573895441,0.564543259,1,1,1,1,2
45711.5,2468421,54,45712,2468421,1,1,0,3.307595597,0.191923292,1.004256276,1,1,1,1,0
41140.35,2468421,60,41140,2468421,1,1,0,3.487472516,0.817855241,0.93777994,1,1,2,1,0
37121.21212,4900000,66,74809,2450000,2,1,1,1.177478795,0.559612072,0.606302707,1,1,1,2,1
66216.21622,2450000,37,65421,2450000,1,1,0,3.101238657,0.398516522,1.794508547,1,1,2,1,1
69473.68571,4863158,35,138947,2431579,2,1,1,0.966814894,0.59946382,0.99767827,1,1,2,2,1
83847.55172,2431579,29,84724,2431579,1,1,1,2.535731518,0.327450465,0.688064103,1,1,1,1,1
62348.17949,2431579,39,62670,2431579,1,1,1,3.243369846,0.625125226,1.547860981,1,1,1,1,1
57894.7381,2431579,42,58451,2431579,1,1,1,3.209028789,0.534902734,0.643335325,1,1,0,1,2
48631.58,2431579,50,48535,2431579,1,1,1,3.445236391,0.281689257,1.720296145,1,1,1,1,2
42659.2807,2431579,57,42809,2431579,1,1,1,2.56669218,0.775410657,1.794284133,1,1,1,1,1
63504.15789,2413158,38,62843,2413158,1,1,0,3.15599025,0.737936751,0.541629973,1,1,1,1,1
60328.95,2413158,40,60329,2413158,1,1,0,2.958197012,0.690942584,1.801511005,1,1,2,1,1
39912.28333,4789474,60,79825,2394737,2,1,1,1.10181281,0.250256547,0.555577479,1,1,1,2,2
36283.89394,4789474,66,72568,2394737,2,1,1,1.311010999,0.392126839,0.538344256,1,1,0,2,1
92105.26923,2394737,26,93911,2394737,1,2,1,2.714564696,0.17260426,1.704233965,1,1,2,1,2
68421.05714,2394737,35,68032,2394737,1,1,0,2.687749903,0.851647066,0.399625108,1,1,1,1,1
66520.47222,2394737,36,65789,2394737,1,2,0,2.716168383,0.237448842,1.473015432,1,1,2,1,2
63019.39474,2394737,38,63690,2394737,1,2,1,2.609699761,0.188575694,1.269599239,1,1,1,1,1
45183.71698,2394737,53,45014,2394737,1,1,0,2.502337835,0.231155557,1.778778757,1,1,1,1,1
44346.98148,2394737,54,44678,2394737,1,1,1,2.795954137,0.859427877,1.856276547,1,1,0,1,0
58318.36585,2391053,41,58318,2391053,1,1,0,3.184272445,0.729127623,0.726273295,1,1,1,1,1
67894.74286,2376316,35,68879,2376316,1,2,1,2.714529544,0.287250639,2.229529572,1,1,1,1,2
67894.74286,2376316,35,67701,2376316,1,2,0,2.614890483,0.366099591,1.90602526,1,1,1,1,1
67894.74286,2376316,35,67509,2376316,1,2,1,2.875142776,0.863164496,0.790103136,1,1,2,1,2
24003.19192,2376316,99,24101,2376316,1,1,0,3.026326701,0.185703078,2.166728001,0,1,1,1,0
58947.375,2357895,40,58947,2357895,1,1,0,2.717074628,0.734700075,1.261137,1,1,2,1,2
58947.375,2357895,40,58364,2357895,1,1,0,2.566678517,0.437317865,0.989706924,1,1,1,1,2
39964.32203,2357895,59,40066,2357895,1,1,0,3.491957315,0.750780992,1.461305924,1,1,0,1,0
28408.37349,2357895,83,28581,2357895,1,0,1,3.249772292,0.195654468,1.693410135,0,1,2,1,0
73569.09375,2354211,32,74453,2354211,1,2,0,3.424210145,0.539596507,1.795380849,1,1,2,1,2
67263.17143,2354211,35,67072,2354211,1,2,0,3.167772807,0.326391863,1.676233795,1,1,1,1,2
36784.54688,2354211,64,37016,2354211,1,1,1,2.643390769,0.202323096,1.434700505,1,1,2,1,1
61565.10526,2339474,38,62386,2339474,1,1,1,3.357957714,0.712592388,1.510840276,1,1,1,1,2
58026.325,2321053,40,58494,2321053,1,1,0,3.317710818,0.336481311,1.05855923,1,1,1,1,2
47368.42857,2321053,49,47368,2321053,1,1,0,2.893102693,0.386576594,1.284835474,1,1,1,1,1
79909.24138,2317368,29,80464,2317368,1,2,0,3.201810184,0.390270488,1.781940865,1,1,1,1,2
47293.22449,2317368,49,47487,2317368,1,1,0,3.305132113,0.229993312,0.973688509,1,1,0,1,2
47293.22449,2317368,49,47101,2317368,1,1,1,3.377880577,0.210480714,0.742234125,1,1,1,1,1
59041.84615,2302632,39,59042,2302632,1,1,0,2.965241846,0.39071029,1.336534267,1,1,0,1,2
55712.46341,2284211,41,56054,2284211,1,1,1,2.816130012,0.627434137,1.586258865,1,1,1,1,2
50760.24444,2284211,45,50760,2284211,1,1,0,2.732869475,0.279033999,1.274449967,1,1,2,1,2
56828.95,2273158,40,56378,2273158,1,1,1,3.205853959,0.2433236,2.052323372,1,1,2,1,1
51495.20455,2265789,44,51495,2265789,1,1,1,2.978374539,0.432237058,1.439912978,1,1,1,1,2
21786.43269,2265789,104,21871,2265789,1,0,0,3.374196483,0.86503081,1.986005436,0,0,1,1,1
66207.44118,2251053,34,66207,2251053,1,1,1,2.825404887,0.805709984,0.917621802,1,1,1,1,1
34574.9,4494737,65,68727,2247368.5,2,1,1,0.682534403,0.410083538,0.926328854,1,1,2,2,1
102153.0909,2247368,22,103327,2247368,1,2,1,2.960750353,0.558616375,1.245104688,1,1,0,1,2
49941.51111,2247368,45,49942,2247368,1,1,1,2.988285863,0.562611075,2.055598704,1,1,2,1,2
35115.125,2247368,64,35336,2247368,1,1,1,2.515646051,0.551150885,0.652957289,1,0,2,1,1
35115.125,2247368,64,35336,2247368,1,1,0,3.160280376,0.843684667,2.226044075,0,1,0,1,0
28812.41026,2247368,78,28924,2247368,1,0,1,2.915298855,0.27526383,0.957337306,0,0,2,1,0
79605.25,2228947,28,79977,2228947,1,1,0,2.768985032,0.291314027,1.765287104,1,1,2,1,2
33267.86567,2228947,67,33518,2228947,1,0,0,2.976177601,0.77313832,1.711203912,1,1,1,1,0
40191.39091,4421053,55,80383,2210526.5,2,2,1,1.353379397,0.245674665,1.02907205,1,1,1,2,1
27631.58125,4421053,80,55611,2210526.5,2,1,1,0.502881782,0.323051499,0.605887597,1,1,0,2,2
105263.1429,2210526,21,103055,2210526,1,1,0,3.313305557,0.250610424,1.596777112,1,1,0,1,2
96109.82609,2210526,23,95076,2210526,1,2,1,2.902755737,0.420092234,1.194599242,1,1,1,1,2
73684.2,2210526,30,74857,2210526,1,2,1,2.937521003,0.855933994,2.002506481,1,1,0,1,1
63157.88571,2210526,35,62799,2210526,1,1,0,3.24164429,0.662701727,0.823692924,1,1,1,1,1
61403.5,2210526,36,60729,2210526,1,1,0,2.7449737,0.613926323,2.170295375,1,1,0,1,2
53915.26829,2210526,41,54193,2210526,1,1,0,3.163082171,0.826363973,0.752889567,1,1,1,1,2
50239.22727,2210526,44,50125,2210526,1,1,0,3.266714088,0.687420392,1.750968553,1,1,0,1,2
49122.8,2210526,45,49123,2210526,1,1,1,2.687962635,0.186397067,1.429827105,1,1,2,1,1
48054.91304,2210526,46,48055,2210526,1,1,1,4.662993031,0.798670735,1.903945789,1,1,1,1,1
44210.52,2210526,50,43860,2210526,1,1,0,4.126261239,0.795126657,0.931664503,1,1,0,1,0
40191.38182,2210526,55,40191,2210526,1,1,0,4.261927822,0.194641366,1.114182888,1,1,0,1,0
38112.51724,2210526,58,38113,2210526,1,1,0,4.153056752,0.331703875,2.146958625,1,1,1,1,0
37466.54237,2210526,59,37787,2210526,1,1,1,4.562475617,0.561177074,0.740685935,1,0,1,1,1
31578.94286,2210526,70,31579,2210526,1,1,0,4.659930119,0.442286845,0.820238613,0,1,2,1,1
63052.62857,2206842,35,63966,2206842,1,2,1,4.715044893,0.360728177,1.208666404,1,1,1,1,2
26588.45783,2206842,83,26750,2206842,1,0,0,4.761056485,0.185304114,1.85052153,0,1,1,1,0
54802.625,2192105,40,54180,2192105,1,1,0,4.729107247,0.847329821,1.706557502,1,1,1,1,2
53465.97561,2192105,41,53728,2192105,1,1,0,4.711097662,0.605478108,2.221403513,1,1,1,1,2
45668.85417,2192105,48,45291,2192105,1,1,1,4.997345531,0.771186018,1.922464571,1,1,1,1,0
44548.86735,4365789,49,89463,2182894.5,2,1,1,1.083509534,0.231904922,0.998250183,1,1,2,2,1
36228.06667,2173684,60,36319,2173684,1,1,1,4.56141925,0.247447221,1.957404542,1,0,1,1,0
35573.77049,2170000,61,35809,2170000,1,1,1,4.370552557,0.340167256,0.708092669,1,0,1,1,1
59919.58333,2157105,36,59920,2157105,1,1,1,4.82594678,0.227689533,1.21131803,1,1,2,1,2
58250.35135,2155263,37,58567,2155263,1,1,1,4.873749517,0.5484797,1.213942217,1,1,1,1,1
53881.575,2155263,40,53348,2155263,1,1,0,4.546131918,0.674073572,1.141487571,1,1,1,1,2
38486.83929,2155263,56,38487,2155263,1,1,0,4.917072586,0.719005117,0.91548017,1,0,1,1,0
31424.14706,4273684,68,62481,2136842,2,1,1,1.427840172,0.300984466,0.656606216,1,1,2,2,1
49694,2136842,43,49464,2136842,1,1,1,4.546801527,0.715040011,1.76489058,1,1,2,1,1
49694,2136842,43,49236,2136842,1,1,1,4.204845026,0.836369713,1.446914985,1,1,1,1,1
42736.84,2136842,50,42805,2136842,1,1,0,4.340333711,0.465272912,1.568001352,1,1,0,1,0
60526.31429,2118421,35,61226,2118421,1,1,0,4.454001205,0.712432302,1.994842863,1,1,2,1,2
58845.02778,2118421,36,58359,2118421,1,1,1,4.716978029,0.721688221,1.314550188,1,1,1,1,2
39230.01852,2118421,54,39230,2118421,1,1,0,4.898398842,0.8832433,1.507061148,1,0,1,1,0
46871.35556,2109211,45,46871,2109211,1,1,0,4.674042989,0.667019389,2.012749735,1,1,1,1,1
23333.33333,4200000,90,46667,2100000,2,1,1,1.447545122,0.612405707,0.238137418,1,1,2,2,1
52500,2100000,40,53030,2100000,1,1,0,4.889225736,0.298815506,1.50149358,1,1,2,1,1
51219.5122,2100000,41,51852,2100000,1,1,1,4.338603814,0.197512454,1.727233505,1,1,0,1,2
46666.66667,2100000,45,46667,2100000,1,1,0,4.687415682,0.479631231,2.184896633,1,1,1,1,1
32307.69231,2100000,65,32407,2100000,1,0,1,4.17594456,0.275420037,1.996371582,0,1,1,1,0
34692.98333,4163158,60,69386,2081579,2,2,1,1.256823883,0.144755034,0.488584197,1,1,1,2,1
68771.93333,2063158,30,68772,2063158,1,1,0,4.390080802,0.801642402,0.680221789,1,1,1,1,2
62519.93939,2063158,33,62710,2063158,1,1,1,4.9672953,0.871859409,1.43927396,1,1,2,1,1
54293.63158,2063158,38,54066,2063158,1,1,0,4.045031664,0.410922162,1.697583915,1,1,2,1,2
28262.43836,2063158,73,28418,2063158,1,1,0,4.786811399,0.318108387,0.70471665,1,0,2,1,1
25471.08642,2063158,81,25534,2063158,1,1,1,4.239711891,0.688252323,2.141652599,1,0,1,1,1
53808.86842,2044737,38,54094,2044737,1,1,1,4.470256068,0.520269064,0.918196342,1,1,1,1,1
33771.93333,4052632,60,67544,2026316,2,1,1,1.469784576,0.617596088,0.705860557,1,1,1,2,2
101315.8,2026316,20,100562,2026316,1,2,0,4.258496677,0.270422909,2.03918432,1,1,1,1,1
92105.27273,2026316,22,93121,2026316,1,1,1,4.819255315,0.795893588,1.72508766,1,1,1,1,1
63322.375,2026316,32,63721,2026316,1,2,1,4.414330787,0.698340776,0.67937075,1,1,1,1,1
51956.82051,2026316,39,52632,2026316,1,1,0,4.316858798,0.423407426,0.732020063,1,1,1,1,1
49422.34146,2026316,41,49665,2026316,1,1,1,4.061966013,0.535489035,1.661852514,1,1,1,1,2
28143.27778,2026316,72,28332,2026316,1,1,0,4.591581225,0.493296572,1.686568578,0,0,2,1,1
59380.79412,2018947,34,60267,2018947,1,1,1,4.279573669,0.179435101,1.240769562,1,1,0,1,2
62746.71875,2007895,32,63743,2007895,1,2,1,4.117843666,0.771841526,2.26872036,1,1,1,1,2
68602.55172,1989474,29,69659,1989474,1,1,1,4.649507479,0.43958244,1.799498874,1,1,2,1,1
58513.94118,1989474,34,58172,1989474,1,1,1,4.227023813,1.075863691,2.359977494,1,1,1,1,2
55263.16667,1989474,36,55263,1989474,1,1,0,4.744102697,0.39582966,2.322245326,1,1,1,1,2
41447.375,1989474,48,41275,1989474,1,1,1,4.632758372,0.939186002,2.536774135,1,1,1,1,1
34301.27586,1989474,58,34125,1989474,1,1,0,4.308435307,0.942569752,1.980805209,1,1,0,1,1
23684.21429,1989474,84,23684,1989474,1,1,0,4.268962756,0.344436495,1.228783078,1,1,2,1,0
33157.89167,3978947,60,66316,1989473.5,2,1,1,0.632213128,0.547254165,1.068637299,1,1,2,2,2
23925.16867,1985789,83,24070,1985789,1,1,0,4.761272969,1.170075594,2.461595726,0,1,2,1,0
56315.8,1971053,35,56639,1971053,1,1,1,4.086675367,0.739615359,1.210297531,1,1,1,1,1
54239.77778,1952632,36,54482,1952632,1,1,0,4.056090226,0.888973308,1.199924774,1,1,1,1,1
54239.77778,1952632,36,54240,1952632,1,1,1,4.930327523,0.43667217,1.628967917,1,1,0,1,1
48815.8,1952632,40,48332,1952632,1,1,0,4.191011597,0.59546426,2.010964454,1,1,1,1,1
47625.17073,1952632,41,48213,1952632,1,1,1,4.299293328,0.81444167,0.960973583,1,1,2,1,1
32543.86667,1952632,60,32436,1952632,1,0,1,4.523338283,0.529136086,1.160235658,1,0,1,1,0
62869.25806,1948947,31,62466,1948947,1,1,0,4.975591307,0.695874618,0.940637354,1,1,1,1,1
35435.4,1948947,55,35761,1948947,1,1,1,4.552851944,0.891697788,2.081424969,1,1,2,1,0
53728.08333,1934211,36,53728,1934211,1,1,1,4.701522451,0.839878845,2.587159441,1,1,2,1,1
53728.08333,1934211,36,53284,1934211,1,1,1,4.50690355,0.338941268,1.35087996,1,1,2,1,2
53728.08333,1934211,36,53284,1934211,1,1,1,4.819807577,1.168556588,1.433345155,1,1,0,1,2
34539.48214,1934211,56,34295,1934211,1,1,0,4.228195403,0.276499114,1.55045007,0,0,1,1,0
32236.84167,3868421,60,64474,1934210.5,2,1,1,1.938821884,0.606888993,0.212027276,1,1,2,2,2
16950.60088,3864737,114,33783,1932368.5,2,1,1,1.799125374,0.273325126,0.582018693,0,1,1,2,1
83295.17391,1915789,23,84211,1915789,1,1,0,4.49878255,0.87309713,1.44264451,1,1,1,1,1
66061.68966,1915789,29,67221,1915789,1,1,0,4.294299828,0.592208668,1.202696731,1,1,0,1,1
63859.63333,1915789,30,63860,1915789,1,2,1,4.349106002,0.903141197,2.52770751,1,1,2,1,2
59868.40625,1915789,32,60245,1915789,1,1,0,4.694346948,0.830088664,2.294743661,1,1,1,1,1
54736.82857,1915789,35,54426,1915789,1,1,1,4.838315739,0.816723982,1.86007928,1,1,1,1,1
53216.36111,1915789,36,53664,1915789,1,1,0,4.888572163,1.101443158,1.833033698,1,1,1,1,2
46726.56098,1915789,41,46387,1915789,1,1,0,4.93304125,1.160735574,2.4771873,1,1,1,1,0
44553.23256,1915789,43,44761,1915789,1,1,0,4.132814458,1.139938215,0.834201949,1,1,1,1,0
31929.81667,1915789,60,32144,1915789,1,0,0,4.13635075,0.600837621,0.844315789,1,1,0,1,0
54631.57143,1912105,35,54321,1912105,1,1,1,4.304867626,0.5854776,1.348721644,1,1,0,1,2
21184.21111,3813158,90,42368,1906579,2,1,1,1.067020953,0.128956356,0.349940806,1,1,2,2,1
24641.14935,3794737,77,49411,1897368.5,2,1,1,1.925348564,0.506063512,0.140384533,1,1,1,2,2
47434.2,1897368,40,47434,1897368,1,1,0,4.535936097,0.495777878,1.052649494,1,1,1,1,2
42163.73333,1897368,45,42164,1897368,1,1,1,4.936539862,0.817065574,2.515899947,1,1,1,1,1
58717.09375,1878947,32,59649,1878947,1,1,1,4.546986476,0.651113284,0.922256507,1,1,2,1,2
52192.97222,1878947,36,51619,1878947,1,1,1,4.012991854,0.590777654,1.347537483,1,1,0,1,2
41754.37778,1878947,45,41754,1878947,1,1,1,4.003279115,0.616262221,0.897675781,1,1,2,1,0
30008.49194,3721053,62,59632,1860526.5,2,1,1,1.772776787,0.281545148,0.384620653,1,1,2,2,1
47705.79487,1860526,39,48325,1860526,1,1,1,4.800308396,0.2625086,2.175046856,1,1,0,1,1
28926.8125,3702632,64,58217,1851316,2,1,1,1.10163138,0.194535955,0.516465227,1,1,2,2,2
87719.28571,1842105,21,86281,1842105,1,2,1,4.217589412,0.852338461,1.463524727,1,1,0,1,2
61403.5,1842105,30,60675,1842105,1,1,0,4.378427573,0.96576366,1.864546497,1,1,1,1,1
59422.74194,1842105,31,59042,1842105,1,1,0,4.657024527,1.120106761,2.677067975,1,1,0,1,2
52631.57143,1842105,35,52934,1842105,1,1,0,4.224451993,1.115451536,1.061178057,1,1,0,1,1
52631.57143,1842105,35,52452,1842105,1,1,0,4.15300218,0.537701942,1.987442021,1,1,0,1,2
51169.58333,1842105,36,50607,1842105,1,1,0,4.817194091,1.163339892,2.383063299,1,1,1,1,2
49786.62162,1842105,37,50469,1842105,1,1,1,4.353150285,1.166137538,2.042550837,1,1,0,1,1
46052.625,1842105,40,46168,1842105,1,1,0,4.32325286,1.084917096,2.277869081,1,1,1,1,1
43859.64286,1842105,42,43446,1842105,1,1,0,4.778701415,0.377679174,2.549857146,1,1,1,1,1
31222.11864,1842105,59,31328,1842105,1,1,0,4.934313314,1.000357372,2.56548598,0,0,0,0,1
31222.11864,1842105,59,31222,1842105,1,0,0,4.345676916,0.559848091,2.11452466,0,1,2,1,1
24893.31081,1842105,74,25063,1842105,1,0,0,4.531772462,0.529292122,0.986089367,1,1,1,1,1
24893.31081,1842105,74,24813,1842105,1,1,1,4.551296248,0.714288004,2.496603978,1,0,0,1,1
19390.57895,1842105,95,19391,1842105,1,1,1,4.155704423,1.022445585,2.078708943,0,0,0,1,1
14279.88372,1842105,129,14231,1842105,1,1,1,4.927274114,1.141728422,2.190632321,0,0,0,1,0
37518.79592,1838421,49,37519,1838421,1,1,1,4.626084308,0.417132184,2.454609134,1,1,0,1,1
86842.09524,1823684,21,85020,1823684,1,1,0,4.413506475,0.662772483,1.339913266,1,1,2,1,2
58828.51613,1823684,31,59598,1823684,1,1,1,4.837254451,0.415868191,1.916762687,1,1,0,0,2
34409.13208,1823684,53,34280,1823684,1,1,1,4.564751832,0.450472188,2.053797796,0,0,0,1,0
90263.15,1805263,20,92578,1805263,1,1,1,4.59351801,0.820629569,2.171962896,1,1,0,1,2
85964.90476,1805263,21,84161,1805263,1,1,1,4.255125038,0.584229437,0.852681774,1,1,2,1,2
69433.19231,1805263,26,69167,1805263,1,1,1,4.846967747,1.178334502,0.828079963,1,1,0,0,2
56414.46875,1805263,32,56680,1805263,1,1,0,4.422649079,0.898106508,2.474669679,1,1,0,1,2
46288.79487,1805263,39,46890,1805263,1,1,1,4.46357005,0.977484344,1.733827104,1,1,0,1,1
45131.575,1805263,40,45132,1805263,1,1,1,4.25813011,0.578345494,2.059633793,1,1,0,0,1
45039.475,1801579,40,44594,1801579,1,1,0,4.610669268,0.437719195,1.737216987,1,1,0,1,0
14767.28926,3573684,121,29559,1786842,2,0,1,2.279898685,0.126684296,1.378381756,0,0,2,2,0
51052.62857,1786842,35,51793,1786842,1,1,0,4.396282342,0.544603995,2.311560653,1,1,0,0,1
49634.5,1786842,36,49089,1786842,1,1,1,4.850361358,0.622207546,2.733954719,1,1,2,0,1
37225.875,1786842,48,37343,1786842,1,1,1,4.991360097,1.200623457,1.64370826,1,1,2,0,0
29627.19167,3555263,60,59254,1777631.5,2,1,1,1.717172215,0.18458482,0.911810698,1,1,0,2,2
57045.83871,1768421,31,57046,1768421,1,1,1,4.651606132,0.920450505,1.969824483,1,1,1,1,1
55263.15625,1768421,32,55523,1768421,1,1,0,4.761838086,0.564927171,1.61324468,1,1,2,0,2
47795.16216,1768421,37,47538,1768421,1,1,1,4.029265989,0.697264489,1.640699031,1,1,0,1,1
46537.39474,1768421,38,47158,1768421,1,1,0,4.356843922,0.538304904,2.333243702,1,1,0,0,1
43132.21951,1768421,41,42923,1768421,1,1,1,4.521351984,0.804497535,1.912245652,1,1,0,1,0
36842.10417,1768421,48,37230,1768421,1,1,1,4.230555795,1.168302886,2.081622731,1,0,0,1,1
65360.62963,1764737,27,65361,1764737,1,2,1,4.922215945,0.518357493,1.07922161,1,1,2,1,2
83508.7619,1753684,21,81757,1753684,1,1,0,4.321128145,1.091687265,1.263451205,1,1,2,1,2
40697.67442,3500000,43,82160,1750000,2,2,1,1.281687918,0.519689448,1.045660115,1,1,1,2,1
43750,1750000,40,43317,1750000,1,1,0,4.945517804,0.508496265,2.546271834,1,1,0,1,1
82456.14286,1731579,21,80726,1731579,1,2,1,4.528433782,0.780740803,1.935180177,1,1,2,0,2
69263.16,1731579,25,69263,1731579,1,1,1,4.306174409,0.691373774,1.391928073,1,1,0,1,1
43289.475,1731579,40,42861,1731579,1,1,0,4.181523921,0.33407855,2.231569945,1,1,0,0,0
29348.79661,1731579,59,29449,1731579,1,1,0,4.378624582,1.099233529,0.861704943,0,0,0,1,0
28386.54098,1731579,61,28574,1731579,1,1,0,4.944588285,1.094186179,1.537938994,0,1,2,0,0
43927.12821,1713158,39,43592,1713158,1,1,1,4.373420837,0.435461046,1.300562156,1,1,0,0,1
38070.17778,1713158,45,38070,1713158,1,1,0,4.842993362,0.670881814,2.206227021,1,1,1,0,0
19706.24419,3389474,86,39504,1694737,2,1,1,1.865681675,0.185497619,0.614179949,1,0,2,2,1
62768.03704,1694737,27,63142,1694737,1,1,0,4.154624656,0.485188456,1.819210512,1,1,0,0,2
54668.93548,1694737,31,54318,1694737,1,1,0,4.958279588,0.56978237,1.566137204,1,1,2,0,2
39412.48837,1694737,43,39230,1694737,1,1,0,4.716737414,0.564690873,2.393714414,1,1,0,0,1
38516.75,1694737,44,38781,1694737,1,1,1,4.488269593,0.330590605,2.043304838,1,1,0,1,1
97523.23529,1657895,17,100478,1657895,1,1,1,4.078073472,0.82583344,2.641425738,1,1,0,1,2
53480.48387,1657895,31,54021,1657895,1,1,1,4.994240096,0.709123321,2.180113085,1,1,0,1,1
47368.42857,1657895,35,48055,1657895,1,1,0,4.720498794,0.688303592,1.154342577,1,1,2,1,2
47368.42857,1657895,35,48055,1657895,1,1,1,4.660557368,0.302969656,2.657115928,1,1,1,1,1
47368.42857,1657895,35,47368,1657895,1,1,1,4.758223064,0.325025149,1.992411419,1,1,1,0,2
41447.375,1657895,40,41593,1657895,1,1,1,4.329096944,0.585529881,2.740784617,1,1,0,1,0
40436.46341,1657895,41,40486,1657895,1,1,1,4.378433138,0.528010511,1.104261006,1,1,1,1,0
24380.80882,1657895,68,24561,1657895,1,1,0,4.074415536,0.524004384,1.643696713,1,1,1,1,1
18421.05556,1657895,90,18421,1657895,1,0,0,4.383451314,0.951476864,0.987791704,1,1,1,0,1
27631.575,3315789,60,55263,1657894.5,2,1,1,1.898843315,0.326316558,0.314160562,1,1,1,2,2
36760.24444,1654211,45,36760,1654211,1,1,1,4.805065032,0.404708762,0.915863852,1,0,0,1,0
27478.06667,3297368,60,54956,1648684,2,1,1,1.990946567,0.213580385,0.975087042,1,1,0,2,1
29942.58182,1646842,55,29970,1646842,1,1,1,4.157338192,0.952693925,1.254372104,1,1,0,0,1
68395.83333,1641500,24,68453,1641500,1,1,1,4.290288719,1.008660057,1.005423992,1,1,1,1,1
54649.13333,1639474,30,54649,1639474,1,1,0,4.44386434,1.129451238,2.535046646,1,1,0,1,1
46842.11429,1639474,35,46842,1639474,1,1,0,4.063132153,0.623403569,1.591689822,1,1,0,1,1
42037.79487,1639474,39,42584,1639474,1,1,1,4.494055294,0.478872164,1.532817131,1,1,0,1,1
20058.48148,1624737,81,20058,1624737,1,1,1,4.944593569,0.363054169,1.715937997,0,0,0,0,1
73684.22727,1621053,22,75049,1621053,1,1,0,4.573748061,1.096869488,1.842931463,1,1,1,1,1
52292.03226,1621053,31,52461,1621053,1,1,0,4.801601141,0.437395709,2.258684822,1,1,0,1,2
36023.4,1621053,45,36023,1621053,1,1,1,4.808433611,0.331281401,0.89129152,1,0,1,1,0
32421.06,1621053,50,32683,1621053,1,0,0,4.591756988,0.299029723,0.804312294,0,0,0,0,0
29473.68182,3242105,55,59488,1621052.5,2,1,1,1.039456551,0.131755603,1.241017553,1,1,1,2,1
50226.15625,3214474,32,99212,1607237,2,1,1,1.319005184,0.595915798,1.309141209,1,1,1,2,1
42174.52632,1602632,38,42175,1602632,1,1,1,4.303827547,1.109485461,0.978492221,1,1,0,1,0
24282.29545,3205263,66,48454,1602631.5,2,1,1,1.788965446,0.480760562,0.858262353,1,1,1,2,1
56578.96429,1584211,28,55880,1584211,1,1,0,4.327054931,0.53065863,2.092424049,1,1,1,0,2
51103.58065,1584211,31,51269,1584211,1,1,1,4.614569,0.412796987,0.805863558,1,1,1,1,2
49506.59375,1584211,32,48895,1584211,1,1,1,6.90275693,0.298178165,2.142337173,1,1,1,0,1
41689.76316,1584211,38,42246,1584211,1,1,0,6.201242603,0.649371828,2.579167705,1,1,0,0,1
34439.36957,1584211,46,34439,1584211,1,1,0,6.692416974,1.19234616,2.039610408,0,1,2,0,0
31062.96078,1584211,51,31210,1584211,1,1,0,6.504296378,1.162421433,2.502226351,1,1,0,1,0
19512.66667,1580526,81,19634,1580526,1,1,0,6.053086347,0.614314907,1.730444976,0,1,0,0,1
42318.63514,3131579,37,84637,1565789.5,2,2,0,2.374804249,0.153546911,0.406762424,1,1,2,2,1
24853.80159,3131579,63,50073,1565789.5,2,1,0,1.236130538,0.401265353,1.159930824,1,1,1,2,1
21449.17123,3131579,73,42781,1565789.5,2,1,1,1.169116287,0.530665724,1.196646487,1,1,2,2,0
51947.36667,1558421,30,51947,1558421,1,1,1,6.640538562,0.331899126,1.718163815,1,1,1,0,1
57309.92593,1547368,27,57310,1547368,1,1,0,6.211639118,0.373998237,1.569904326,1,1,2,1,2
48355.25,1547368,32,49123,1547368,1,1,1,6.078584433,0.910837593,2.430909766,1,1,0,1,1
44210.51429,1547368,35,44465,1547368,1,1,1,6.693106451,0.838313638,1.450382019,1,1,1,1,1
42982.44444,1547368,36,42982,1547368,1,1,0,6.884520355,0.911040223,1.473188902,1,1,0,1,1
30947.36,1547368,50,31197,1547368,1,1,0,6.072902804,0.981195222,2.125633607,1,0,0,0,0
26226.57627,1547368,59,26451,1547368,1,1,0,6.366854534,0.51366443,1.504302497,0,1,0,1,0
23444.9697,1547368,66,23392,1547368,1,1,0,6.677968186,0.964586908,1.628809571,0,0,1,0,1
26361.16379,3057895,58,52469,1528947.5,2,1,0,2.433007547,0.466826054,0.768090595,1,1,1,2,1
32837.53261,3021053,46,65109,1510526.5,2,1,0,1.170979256,0.266545786,1.393489172,1,1,1,2,2
27972.71296,3021053,54,55945,1510526.5,2,1,0,1.524693061,0.426006406,0.978850695,1,1,0,2,2
50350.86667,1510526,30,49688,1510526,1,1,0,6.304291939,0.98969364,2.249988056,1,1,0,0,1
41959.05556,1510526,36,41612,1510526,1,1,0,6.367374056,0.42963183,1.42651365,1,1,0,0,0
25175.43333,1510526,60,25175,1510526,1,0,1,6.432078763,0.757723212,1.356776679,1,1,1,1,0
57388.65385,1492105,26,56519,1492105,1,1,1,6.160887021,0.948490748,2.412211541,1,1,2,1,2
45215.30303,1492105,33,45215,1492105,1,1,0,6.05925688,0.376559103,1.340080908,1,1,1,0,0
33911.47727,1492105,44,34301,1492105,1,1,1,6.100959447,0.314255309,1.232828018,0,0,0,0,1
22201.49254,2975000,67,44670,1487500,2,1,1,2.610742426,0.733379946,1.233537485,1,1,1,2,1
31354.97872,2947368,47,62710,1473684,2,1,1,3.088307236,0.460698877,0.859858791,1,1,2,1,2
30701.75,2947368,48,61404,1473684,2,1,1,3.359193204,0.723196202,1.268484007,1,1,0,1,1
22328.54545,2947368,66,44657,1473684,2,1,1,3.184744821,0.613623792,1.486793259,1,1,1,1,1
14035.08571,2947368,105,28070,1473684,2,0,1,2.844720343,0.394415174,1.150923137,1,0,1,1,0
54580.88889,1473684,27,55611,1473684,1,1,1,6.707104572,0.993105788,2.61336088,1,1,0,1,2
36842.1,1473684,40,37214,1473684,1,1,1,6.62927111,0.684472287,1.150562943,1,0,2,0,0
33283.48864,2928947,44,66567,1464473.5,2,1,1,3.295481971,0.237426191,0.650568941,1,1,1,1,1
27119.87963,2928947,54,54240,1464473.5,2,1,0,2.790081846,0.346650933,1.135162705,1,1,2,1,2
51644.73214,2892105,28,102666,1446052.5,2,2,0,2.576451521,0.406200819,1.052793877,1,1,2,1,1
23174.87097,2873684,62,46275,1436842,2,1,0,2.945146295,0.565732051,1.244414674,1,1,2,1,0
21770.33333,2873684,66,43541,1436842,2,1,1,3.179670349,0.672987092,1.38667669,1,1,1,1,0
35921.05,1436842,40,35921,1436842,1,1,1,6.595399783,0.91840911,1.809616579,1,0,0,0,0
21130.02941,1436842,68,21130,1436842,1,0,1,6.167813837,0.812441877,1.145798491,1,0,0,1,0
35460.525,1418421,40,35461,1418421,1,1,1,6.103799195,0.474835368,2.72966606,1,0,0,1,1
70000,1400000,20,70000,1400000,1,2,0,6.422584355,0.414304403,2.103156847,1,1,1,0,2
58333.33333,1400000,24,57613,1400000,1,1,1,6.535695916,0.750472796,2.409513228,1,1,0,1,1
50000,1400000,28,50000,1400000,1,1,0,6.345384195,0.84181652,1.942844414,1,1,0,1,2
40000,1400000,35,40230,1400000,1,1,0,6.372576374,0.318476685,1.751407197,1,1,1,1,0
38888.88889,1400000,36,38567,1400000,1,1,1,6.08065421,0.856886529,2.023816677,1,0,0,0,0
35897.4359,1400000,39,35587,1400000,1,1,0,6.993447353,0.940275059,1.797329171,1,0,0,1,1
35000,1400000,40,35000,1400000,1,1,1,6.48650048,0.547860209,2.520705143,1,1,1,0,1
43634.875,1396316,32,43840,1396316,1,1,0,6.463087081,1.400846152,3.330712125,1,1,0,1,0
34907.9,1396316,40,34908,1396316,1,1,0,6.056884455,1.11485293,2.610758403,0,1,0,0,1
32129.74419,2763158,43,64863,1381579,2,2,0,2.58719969,0.29156914,0.916292457,1,1,2,1,2
26067.5283,2763158,53,52135,1381579,2,1,1,2.73768981,0.196666599,0.80065484,1,1,0,1,1
21255.06154,2763158,65,42250,1381579,2,1,1,3.451262915,0.732155288,1.643429204,1,1,1,1,1
14097.7449,2763158,98,28195,1381579,2,0,1,2.762514039,0.64675677,1.350787035,0,1,1,1,1
30497.07778,2744737,45,60994,1372368.5,2,1,1,2.999911713,0.234379972,0.952655733,1,1,1,1,2
47259.51724,1370526,29,47097,1370526,1,1,0,6.995278968,1.073779154,3.417225954,1,1,0,1,2
37865.5,1363158,36,37865,1363158,1,1,0,6.463296646,1.956762816,2.809761423,1,0,0,0,0
37865.5,1363158,36,37865,1363158,1,1,0,6.632258887,0.680628204,2.870014098,1,0,2,0,0
30980.86364,1363158,44,30981,1363158,1,1,0,6.028301672,1.47241504,2.960549695,1,0,0,1,0
17451.52632,2652632,76,34903,1326316,2,1,0,3.35507332,0.186540742,0.965040323,0,1,2,1,0
45735.03448,1326316,29,46053,1326316,1,1,0,6.860707996,1.021889355,2.208045204,1,1,0,1,0
44210.53333,1326316,30,44211,1326316,1,1,0,6.475074273,1.151376016,2.657238117,1,1,2,0,0
41447.375,1326316,32,41708,1326316,1,1,0,6.401521245,0.617512688,2.957603474,1,1,0,1,1
43596.5,1307895,30,43596,1307895,1,1,0,6.909056536,0.936278011,3.422563934,1,1,1,1,1
29724.88636,1307895,44,29725,1307895,1,0,0,6.665265795,0.703790183,2.85571497,1,1,0,0,0
29724.875,2615789,44,59315,1307894.5,2,1,0,3.212293099,0.608979407,1.59728396,1,1,1,1,2
42982.46667,1289474,30,42982,1289474,1,1,0,6.695051424,0.728738222,2.856464277,1,1,0,0,0
40296.0625,1289474,32,40171,1289474,1,1,0,6.978251385,1.145789418,3.398352752,1,1,0,0,1
40296.0625,1289474,32,39799,1289474,1,1,0,6.608707235,1.247119145,2.485013433,1,1,0,0,0
36842.11429,1289474,35,36842,1289474,1,1,0,6.332593051,0.612732275,1.785994172,1,1,0,1,1
26864.04167,1289474,48,26642,1289474,1,0,0,6.005200606,0.749647856,2.228250037,0,1,0,1,0
16746.41558,1289474,77,16746,1289474,1,1,0,6.03388585,1.969534371,3.158149719,1,0,0,1,0
23879.13889,2578947,54,47758,1289473.5,2,1,1,2.775094896,0.427023976,0.613457107,1,1,1,1,1
37871.51471,2575263,34,75300,1287631.5,2,1,1,2.891486863,0.821827244,1.247602185,1,1,1,1,1
25752.63,2575263,50,51557,1287631.5,2,1,1,2.972624633,0.754476252,1.687660572,1,1,1,1,1
35204.66667,1267368,36,34866,1267368,1,1,0,6.622004152,1.306798578,2.076714121,1,0,0,0,0
15578.2963,2523684,81,31157,1261842,2,0,0,2.924641345,0.276935243,0.719567929,1,0,1,1,0
36896.27941,2508947,34,73361,1254473.5,2,2,1,3.168294526,0.264382436,0.417659344,1,1,1,1,1
50105.28,1252632,25,50611,1252632,1,1,0,6.160295181,1.830892293,3.138485904,1,1,2,0,2
37958.54545,1252632,33,38377,1252632,1,1,0,6.649288311,2.018893904,1.797879625,1,0,0,1,0
34283.63889,1234211,36,33907,1234211,1,0,0,6.665686428,1.144327669,1.873120444,0,1,0,1,1
12723.81959,2468421,97,25535,1234210.5,2,0,1,2.537710049,0.420509491,1.593010375,1,0,1,1,1
37993.40625,1215789,32,38232,1215789,1,1,0,6.513176271,0.793476402,3.352483182,1,0,0,1,1
26976.61111,2427895,45,53834,1213947.5,2,1,0,3.230852441,0.802390513,0.668528503,1,1,1,1,2
14254.3869,2394737,84,28509,1197368.5,2,0,1,2.730871823,0.811234544,1.722998696,1,1,0,1,1
66520.44444,1197368,18,65216,1197368,1,1,0,6.013142127,0.70731,2.771860935,0,0,1,1,2
29934.2,1197368,40,30160,1197368,1,1,0,6.957561803,1.235268186,3.058687982,0,1,0,0,0
29934.2,1197368,40,30160,1197368,1,1,0,6.808595676,1.306984531,2.836827169,1,0,0,0,1
23910.53,2391053,50,47917,1195526.5,2,1,1,2.569382734,0.850779115,1.240619605,1,1,2,1,1
26198.83333,2357895,45,52281,1178947.5,2,1,1,2.683010446,0.182837717,1.644436972,1,1,1,1,1
58947.35,1178947,20,60459,1178947,1,1,0,6.431912361,1.514990841,2.472762234,1,0,0,1,1
22174.77358,1175263,53,22175,1175263,1,1,0,6.199905665,1.172683004,2.667097444,1,0,0,0,0
23063.16,2306316,50,46592,1153158,2,1,1,3.271117959,0.305076037,1.333630729,1,1,1,1,0
60110.81579,2284211,19,119906,1142105.5,2,2,1,2.790444602,0.374400891,1.36193017,1,1,1,1,2
32631.58571,2284211,35,65263,1142105.5,2,2,1,3.348532601,0.760073185,1.420215076,1,1,2,1,2
17570.85385,2284211,65,35414,1142105.5,2,1,1,2.506291441,0.503848405,0.645857253,0,0,1,1,1
25538.27273,2247368,44,51545,1123684,2,1,1,3.320530428,0.321205664,1.079097993,1,1,2,1,2
37456.13333,1123684,30,37456,1123684,1,1,0,6.911712498,1.243958722,2.61602236,0,1,0,1,1
42510.11538,2210526,26,84694,1105263,2,2,0,3.33696331,0.183046016,1.501965195,1,1,1,1,2
40935.66667,2210526,27,80471,1105263,2,2,0,3.100455698,0.551378642,1.816042497,1,1,1,1,1
27631.575,2210526,40,55263,1105263,2,1,1,3.074862459,0.762353351,1.045103421,1,1,1,1,2
46052.625,1105263,24,46053,1105263,1,1,0,6.915159679,1.550188298,1.957791984,0,0,0,1,0
32507.73529,1105263,34,32895,1105263,1,1,0,6.504428575,1.299691089,2.27767668,0,1,0,0,1
23627,2173684,46,46928,1086842,2,1,1,4.076660305,0.597009457,1.768702253,1,1,1,1,2
35614.03333,2136842,30,71228,1068421,2,2,0,4.234102013,0.408044339,0.799118142,1,1,1,1,1
18108.83051,2136842,59,36218,1068421,2,1,0,4.321022331,0.660991728,0.651141506,1,0,0,1,1
24818.44186,3201579,43,74455,1067193,3,2,1,2.263661981,0.604151844,0.58548612,1,1,2,1,2
30131.58571,2109211,35,60960,1054605.5,2,1,0,4.18919868,0.282143775,0.748226789,1,1,1,1,2
25609.7561,2100000,41,51220,1050000,2,1,0,4.632569014,0.330336614,2.112950478,1,1,0,1,1
49122.80952,2063158,21,96185,1031579,2,1,1,4.059597959,0.239772785,1.070466782,1,1,0,1,1
18755.98182,2063158,55,37512,1031579,2,1,1,4.249601677,0.456986203,1.760728096,1,0,1,1,0
31949.01563,2044737,32,64300,1022368.5,2,2,1,4.963881498,0.842816027,1.623663324,1,1,2,1,2
19116.18868,2026316,53,38232,1013158,2,1,1,4.313644106,0.856892669,0.976927956,1,1,1,1,1
58513.94118,994737,17,58514,994737,1,1,0,6.681021833,0.476233403,2.878275233,0,0,0,1,2
27631.58333,994737,36,27261,994737,1,1,0,6.112168185,1.429127598,3.048545463,1,0,0,1,1
39715.78,1985789,25,78801,992894.5,2,1,1,4.147520117,0.460962581,0.836605064,1,1,2,1,1
14389.77536,1985789,69,28655,992894.5,2,1,1,4.101423581,1.001237128,2.452279845,0,1,2,1,0
32543.86667,976316,30,32653,976316,1,0,0,6.142361692,0.656504734,1.901106378,0,1,0,1,0
31929.83333,957895,30,31930,957895,1,1,0,6.039920481,0.811933772,3.066132022,0,1,0,0,0
20877.18889,1878947,45,41754,939473.5,2,1,0,4.348344905,0.784893913,2.499773277,1,1,2,1,0
38753.29167,930079,24,38753,930079,1,1,0,6.886788944,1.612575413,3.304145286,0,1,1,1,0
31760.44828,921053,29,31651,921053,1,1,0,6.119004694,0.971975261,2.459910515,0,0,2,1,1
25584.80556,921053,36,25443,921053,1,1,0,6.72561402,1.293413461,1.825332536,0,0,0,0,1
23616.74359,921053,39,23923,921053,1,0,0,6.127941367,1.23271313,2.260856208,1,0,0,0,1
20022.88043,1842105,46,40046,921052.5,2,1,1,4.763427705,0.253137418,2.480205239,1,1,1,1,1
25263.15714,1768421,35,50526,884210.5,2,1,1,4.874487852,0.840073245,2.342583215,1,1,0,0,2
17684.21,1768421,50,35654,884210.5,2,1,0,4.972290801,0.486623367,2.127328936,1,0,1,0,0
18229.16667,1750000,48,36649,875000,2,1,0,4.414176728,1.204837215,2.776557834,1,0,0,1,0
27055.92188,1731579,32,54452,865789.5,2,1,0,4.987064299,1.019791622,1.074743181,1,1,0,0,1
24736.84286,1731579,35,49758,865789.5,2,1,0,4.731650933,0.626974557,1.669776354,1,1,1,0,2
22783.93421,1731579,38,45664,865789.5,2,1,1,4.641001883,0.657495244,2.003494027,1,1,1,0,0
23640.34722,1702105,36,46761,851052.5,2,1,0,4.717344731,1.231732131,1.892351604,1,1,0,0,1
22002.93056,1584211,36,43642,792105.5,2,1,0,6.682553482,0.279580864,1.281041974,1,1,1,0,0
17793.05682,1565789,44,35979,782894.5,2,1,1,6.885134557,1.111987675,1.40024321,1,0,0,1,1
20910.37838,1547368,37,42278,773684,2,1,0,6.719562313,0.824466855,2.228457442,1,1,0,1,1
13986.35185,1510526,54,27973,755263,2,0,0,6.200550069,0.36665782,1.374839167,0,0,0,1,1
14435.73077,1501316,52,28871,750658,2,0,1,6.081895031,1.002273598,2.271624346,1,0,0,1,0
22368.42857,1252632,28,44946,626316,2,1,0,6.318638819,1.03109046,1.777249628,1,1,2,1,0
17056.52778,1842105,36,51170,614035,3,1,1,4.971566656,0.620447449,0.868911824,1,1,0,1,1
18421.05,1105263,30,36842,552631.5,2,1,0,6.873790073,1.203160866,2.933204106,0,1,0,1,0
15170.27941,1031579,34,30163,515789.5,2,0,0,6.860786666,1.91782903,2.052038212,0,1,0,0,1
