price,area,bedrooms,bathrooms,washingmachine,dtcenter,kitchen,ac,parking,security,furnish
1197368.9,17.73,1,0,0,13.07493803,1,0,0,1,1
1197368.9,16.36,1,1,0,12.8264016,0,0,0,1,0
1197368.9,13.64,1,1,0,12.74261964,0,1,1,1,0
1209102.7,10.91,1,1,0,12.30582526,0,1,1,0,1
1210424.8,13.64,1,1,0,10.91927553,0,0,1,1,0
1217599.5,17.73,1,0,0,10.5748919,1,1,0,1,0
1218876.1,17.73,1,0,0,10.55323152,1,0,0,1,0
1222952.9,12.27,1,1,0,10.50738157,0,1,1,0,1
1243564.4,15,1,1,0,10.4793765,0,0,1,1,2
1245263.5,13.64,1,1,0,10.46420142,0,1,1,0,0
1245852.4,13.64,1,1,0,10.35487657,0,1,0,0,0
1246193,17.73,1,1,0,10.29078474,0,0,1,1,0
1247028.9,17.73,1,1,0,10.23935542,0,0,0,1,0
1257287.2,10.91,1,1,0,10.11880748,0,1,1,0,1
1267732.7,15,1,1,0,10.11689513,1,1,0,0,0
1269210.8,13.64,1,0,0,21.43902186,0,1,1,0,0
1293158.1,8.18,1,1,0,19.0042842,0,0,1,2,0
1293158.1,16.36,1,1,0,10.06648485,1,0,1,1,0
1310981.1,16.36,1,1,0,10.06115435,1,0,1,1,0
1323537.8,16.36,1,1,0,9.91585826,1,0,1,1,0
1327254.5,13.64,1,0,0,9.912499668,0,1,1,0,0
1333852,15,1,0,0,9.881355623,0,1,1,0,0
1337095.5,8.18,1,1,0,9.722356337,0,0,1,2,0
1341052.7,15,2,0,0,18.12971118,0,1,0,1,1
1371050.2,16.36,2,0,0,9.680310363,0,1,0,1,0
1409296.2,8.18,1,1,0,9.625758926,0,0,1,2,0
1430330.2,16.36,2,0,0,9.39704457,0,1,0,1,1
1436841.9,13.64,2,1,0,9.385307864,1,1,1,0,0
1436841.9,15,1,1,0,9.356468217,0,1,0,1,0
1436841.9,10.91,1,1,0,9.334052245,0,0,1,0,0
1460789.2,13.64,1,1,0,9.281179515,1,1,1,1,0
1461603,15,1,1,0,9.181894509,0,1,1,1,0
1470777.1,16.36,1,1,0,9.067883524,1,1,0,1,1
1471997.8,13.64,2,1,0,8.93693153,0,1,1,0,0
1489640.1,13.64,1,1,0,8.727868784,0,1,1,1,0
1495578.5,10.91,1,1,0,3.783406746,0,0,1,0,0
1496435.2,13.64,2,1,0,8.297627288,0,1,1,0,0
1507664.6,16.36,1,1,0,3.601561989,0,1,0,1,0
1527841.9,24.55,1,1,0,18.04721494,1,0,0,0,0
1532631.1,9.55,1,1,0,17.96585576,1,0,1,1,1
1540710.6,24.55,1,1,0,7.930385542,1,1,0,0,0
1545477.7,12.27,1,1,0,3.443000921,0,0,1,0,0
1548595.1,25.91,1,1,0,17.71772614,1,0,0,0,0
1556578.4,17.73,1,1,0,17.52172764,0,1,0,0,1
1556578.4,17.73,1,1,0,7.864054165,1,1,0,1,0
1556578.4,8.18,1,1,0,7.764365888,0,0,1,2,0
1558238.5,17.73,1,1,0,7.698127499,1,0,0,1,0
1563606.2,8.18,1,1,0,7.632731294,0,0,1,2,1
1568229,19.09,1,1,0,7.440577263,0,1,0,0,0
1580525.7,15,1,1,0,7.438881806,1,0,1,1,0
1581392.8,9.55,1,1,0,7.302127171,1,0,1,1,0
1594763.3,9.55,1,1,0,7.30160613,1,1,1,1,0
1603100.2,15,1,1,0,7.24660922,1,0,1,1,0
1604474.3,16.36,1,0,0,7.20125957,0,1,1,1,0
1628421.6,15,1,1,0,17.41490612,1,0,1,0,2
1628421.6,12.27,2,1,0,7.171201902,1,1,1,0,2
1628421.6,10.91,1,1,0,7.120546446,1,1,0,2,0
1634700.6,19.09,1,1,0,7.056653654,0,1,0,0,0
1646578.7,15,1,1,0,6.977283324,1,0,1,1,0
1647578.4,16.36,1,1,0,6.904800247,1,0,0,0,0
1650409.8,12.27,1,1,0,6.891798249,1,1,0,2,1
1660556.3,17.73,1,0,0,6.842770624,0,1,1,1,0
1663039.3,16.36,1,1,0,6.836574511,1,0,0,0,0
1668538.3,16.36,1,1,0,6.804848965,1,0,0,0,0
1671413.9,16.36,1,0,0,6.682739235,0,1,1,1,0
1674091.9,8.18,1,1,0,17.22752977,0,0,1,2,1
1676316.2,16.36,1,1,0,17.19310925,1,1,1,1,0
1676316.2,35.45,1,1,0,6.615159254,1,0,1,0,0
1676316.2,21.82,1,0,0,6.589074007,0,1,1,0,0
1676316.2,15,1,1,0,6.553689886,1,1,0,0,0
1676316.2,15,1,1,0,6.503637434,1,1,0,1,0
1676316.2,13.64,1,1,0,6.455037601,1,1,0,0,0
1686978.8,12.27,2,1,0,6.366575772,1,1,1,0,2
1687020.4,12.27,1,1,0,6.365659718,1,1,0,2,2
1687987.6,16.36,1,1,0,17.16279682,1,1,1,1,0
1688502.4,15,1,1,0,6.290005791,1,1,0,1,0
1692159.3,21.82,1,0,0,6.182074729,0,1,1,0,0
1694833.4,15,1,1,0,16.88687358,1,1,0,0,0
1695405.4,19.09,1,1,0,16.8175393,1,0,0,1,0
1700263.5,20.45,1,0,0,16.52083416,1,1,0,0,1
1700263.5,13.64,1,1,0,16.5206605,1,1,1,1,0
1701599.9,15,1,1,0,5.893734728,1,0,1,0,0
1703744.9,35.45,1,1,0,16.32484498,1,0,1,0,0
1706354,13.64,1,1,0,5.859929479,1,1,1,1,1
1707852.9,13.64,2,1,0,16.26039487,1,1,1,0,2
1715768.6,21.82,1,0,0,16.25998597,1,1,0,0,0
1716900.9,13.64,1,1,0,5.790122681,0,1,0,0,0
1724210.8,15,1,1,0,16.25914537,1,1,1,1,0
1724210.8,13.64,1,1,0,15.97674823,1,1,1,0,2
1724210.8,13.64,1,1,0,5.753161676,1,1,0,0,0
1732268.2,16.36,1,1,0,15.92335053,1,1,1,1,0
1737373.3,15,1,1,0,15.90576058,1,1,0,0,0
1737447.4,21.82,1,0,0,5.649873088,0,1,1,0,0
1740476.4,15,1,1,0,15.57771032,1,1,0,1,0
1757064.4,35.45,1,1,0,15.55709647,1,0,1,0,0
1761762.6,13.64,1,1,0,15.53121413,1,1,0,0,2
1765748.4,15,1,1,0,5.490708748,1,1,1,1,1
1772105.4,20.45,1,1,0,15.49507461,1,0,1,0,1
1772105.4,16.36,1,1,0,5.487276373,1,0,0,0,2
1772105.4,16.36,1,1,0,5.420655845,1,0,0,0,0
1777213.1,20.45,1,0,0,5.333813622,1,1,0,0,0
1779796.2,15,1,1,0,5.313574059,1,1,0,0,2
1780920.7,16.36,1,1,0,5.29707742,1,0,0,0,0
1781683.8,13.64,1,1,0,15.46493579,1,1,1,2,0
1794764.4,13.64,1,1,0,5.25516449,1,1,1,0,0
1796165.8,16.36,1,1,0,15.43991645,1,0,0,0,0
1797201.9,16.36,1,1,0,5.215141273,1,0,1,0,0
1809607.8,15,1,1,0,5.198883299,1,1,1,1,1
1815210.8,17.73,1,1,0,15.3503146,0,1,0,1,0
1815210.8,15,1,1,0,5.188091236,1,1,1,0,0
1817546.9,20.45,1,1,0,5.091612356,1,0,1,0,0
1820000,12.27,1,1,0,15.20916006,1,1,1,2,1
1820000,10.91,1,1,1,15.15543641,1,1,1,1,0
1820000,17.73,1,1,1,5.090285421,1,1,0,1,0
1820000,17.73,1,1,0,5.089046824,1,0,1,1,1
1820000,16.36,1,1,1,5.077882368,1,0,0,0,0
1820000,16.36,1,1,0,5.057594657,1,1,1,0,0
1820000,9.55,1,2,0,5.015536238,1,1,0,2,1
1822581.8,10.91,1,1,1,4.829222136,1,1,1,1,0
1830544.3,17.73,1,1,0,4.827861883,1,0,1,1,0
1831148.8,17.73,1,1,1,14.81877663,1,0,0,0,0
1834020.5,19.09,1,1,0,4.747679023,0,1,0,1,0
1834315.6,15,1,1,0,4.73856516,1,1,1,0,0
1835789.8,16.36,1,1,0,14.79427365,1,1,1,0,1
1836107,13.64,1,1,0,4.693439918,1,1,1,2,0
1839089.2,13.64,1,1,0,14.78409169,1,1,1,2,1
1843805.6,13.64,1,1,0,4.657637002,1,1,1,2,0
1843947.3,17.73,1,1,1,4.637689017,1,0,1,1,0
1844615.5,16.36,1,1,0,4.598775529,1,1,0,0,0
1848460.9,15,1,1,0,14.65573089,1,1,1,1,0
1856726.3,9.55,1,2,0,4.597851737,1,1,0,2,1
1865847.1,12.27,1,1,0,4.586455314,1,1,1,2,0
1867894.6,17.73,1,1,1,14.63498355,1,0,0,0,0
1867894.6,31.36,1,0,1,4.556675696,1,0,1,0,0
1871320.1,9.55,1,2,0,4.547410286,1,1,0,2,1
1871634.7,13.64,1,1,0,4.511316784,1,1,1,0,0
1872867.1,19.09,1,1,1,4.496656743,1,1,0,1,1
1886379.3,21.82,1,1,0,4.427120198,1,0,1,0,0
1887676.7,20.45,1,1,1,4.425024085,1,0,1,1,0
1893061.3,17.73,1,1,0,4.389487785,1,0,0,0,0
1900102.1,20.45,1,1,1,4.343532635,1,1,0,1,1
1911460.2,15,1,1,0,1.554899424,1,1,1,0,0
1915492.8,19.09,1,1,1,4.309543668,1,0,1,1,0
1915789.2,17.73,1,1,1,4.265219348,1,0,0,0,0
1915789.2,12.27,1,1,1,4.259833586,1,1,1,2,2
1917609.2,17.73,1,1,0,14.5957245,0,1,0,1,0
1919240.7,34.09,1,0,1,4.239758003,1,0,1,0,0
1924605.8,17.73,1,1,1,4.230516563,1,0,0,0,2
1927799.9,17.73,1,1,0,4.228655974,1,0,0,0,2
1928526.6,19.09,1,1,1,4.222888811,1,0,0,0,0
1930125.6,16.36,1,1,0,4.217264255,1,1,1,0,1
1939736.5,20.45,1,1,1,4.188784042,0,0,0,1,0
1939736.5,15,1,1,0,4.180038446,1,1,0,0,1
1939736.5,12.27,1,1,1,4.172913986,1,1,1,2,0
1949529.4,17.73,1,1,1,14.55884372,1,0,0,0,0
1951710.8,23.18,2,0,1,14.43333791,1,0,1,0,0
1952094.3,15,1,1,0,14.41378859,1,1,0,0,1
1953097.9,19.09,1,1,0,14.31336138,1,0,1,1,0
1954479.8,20.45,1,1,1,14.25222587,0,0,0,1,1
1955866.9,24.55,2,0,1,14.22777012,1,0,1,0,0
1960882.3,32.73,1,0,1,4.070285353,1,0,1,0,0
1963683.8,13.64,1,1,0,14.07345199,1,1,0,1,0
1963683.8,24.55,2,0,0,4.068954908,0,0,1,1,0
1963683.8,27.27,1,0,1,4.056769733,1,1,1,0,0
1963683.8,16.36,1,1,0,4.054040199,1,1,0,0,1
1975051,28.64,1,0,1,4.015082618,1,1,1,0,1
1980817.8,12.27,1,1,1,4.00208242,1,1,1,1,0
1980880.2,13.64,1,1,0,14.00302245,1,1,0,1,0
1985646,20.45,1,1,1,3.953461135,1,0,0,0,2
1993269.2,12.27,1,1,1,3.921776261,1,1,1,2,0
2002037.7,21.82,1,1,1,13.98648415,0,0,0,1,0
2010790.6,12.27,1,1,1,13.94081053,1,1,1,2,2
2011578.4,16.36,2,1,0,13.70853669,1,1,1,1,2
2011578.4,30,1,1,0,13.59104403,0,0,0,1,0
2011578.4,27.27,1,1,0,13.58808375,0,1,1,0,1
2011578.4,23.18,1,1,0,13.58443197,1,0,0,0,0
2011578.4,16.36,1,1,0,13.47306134,1,1,1,1,0
2011578.4,12.27,1,1,0,13.43542892,1,1,1,2,0
2011578.4,16.36,1,1,1,3.862908123,1,1,1,1,0
2011578.4,15,1,1,1,3.848476243,1,1,1,1,1
2011822.8,31.36,1,1,0,3.824205452,0,0,0,1,1
2017694.9,24.55,2,0,1,13.36618441,1,0,1,0,0
2019700.8,23.18,1,1,0,3.798878905,1,0,0,0,0
2025571.6,15,1,1,1,13.24955932,1,1,1,1,0
2025947.3,13.64,1,1,1,13.24857806,1,1,0,1,1
2028612.3,25.91,2,0,0,3.775877117,0,0,1,1,1
2030732.6,27.27,1,1,0,13.19922361,0,1,1,0,0
2035525.7,20.45,2,1,1,3.711501494,1,0,1,1,0
2037627.8,20.45,1,1,1,3.706772521,1,0,0,0,0
2038435.1,32.73,1,1,0,1.256877115,0,0,0,1,1
2043602.6,16.36,1,1,0,3.706746235,1,1,0,0,1
2044693.3,16.36,1,1,0,13.18174477,1,1,0,0,0
2045803.5,17.73,1,1,1,13.14477104,1,1,1,1,1
2049949.2,16.36,1,1,1,3.69778449,1,1,1,1,1
2052048.7,20.45,2,1,1,3.689475926,1,0,1,1,0
2053871.3,13.64,1,1,0,13.01150847,1,1,1,2,2
2054683.8,36.82,1,1,0,1.2028754,0,1,0,1,0
2054938.6,27.27,1,0,1,3.67546935,1,1,1,0,1
2059474.3,20.45,1,1,0,12.95356251,0,1,0,0,1
2059474.3,17.73,1,1,0,12.95345693,1,1,0,1,1
2059474.3,15,1,1,1,12.92659796,1,1,0,1,1
2059474.3,13.64,1,1,1,12.9182932,1,1,1,2,1
2059474.3,16.36,2,1,0,3.646389723,1,1,0,0,1
2059474.3,23.18,1,1,0,3.643726146,1,1,1,0,0
2059474.3,12.27,1,1,0,3.613837944,1,1,0,2,0
2060744.4,19.09,1,1,0,3.58115945,1,1,0,1,0
2065958.7,13.64,1,1,0,3.576262129,1,1,0,2,1
2069735.2,23.18,1,1,0,12.80511992,1,1,1,0,0
2070118.7,27.27,1,1,0,12.79872135,0,1,1,0,0
2074449,17.73,2,1,0,12.76694227,1,1,1,1,0
2081991.6,13.64,1,1,1,3.503730545,1,1,1,2,1
2083096.6,16.36,1,1,0,3.4737775,1,1,1,1,0
2083421.6,17.73,1,1,1,12.68236984,1,1,1,0,0
2091109.8,24.55,2,0,0,3.452790646,0,0,1,1,1
2091550.5,13.64,1,1,1,12.49619833,1,1,1,2,1
2097469.4,12.27,1,1,0,3.431593084,1,1,1,2,2
2107368.9,23.18,1,0,0,3.421570791,0,0,0,0,1
2107368.9,20.45,1,1,1,3.3911584,1,0,1,0,0
2107368.9,9.55,1,1,0,3.390525119,1,1,1,1,1
2107368.9,13.64,1,1,0,3.375059665,1,1,1,2,0
2109779.1,13.64,1,1,1,12.41124336,1,1,0,1,1
2110430.4,17.73,1,1,1,12.40401393,1,1,1,0,0
2110730.7,12.27,1,1,1,12.37079278,1,1,1,2,2
2111584.8,17.73,2,1,0,3.359553588,1,1,1,1,0
2112158.1,36.82,1,1,1,3.349954058,0,0,0,1,0
2114407.1,13.64,1,1,1,12.29303038,1,1,1,2,0
2119861.9,15,1,1,0,3.34723544,1,1,1,2,0
2120752.4,17.73,2,1,0,12.26224598,1,1,0,0,1
2120834.3,17.73,1,1,1,12.23579109,1,1,1,0,0
2125892.6,21.82,2,1,1,12.13000579,1,0,1,1,0
2126147.4,13.64,1,1,0,3.274240047,1,1,0,2,1
2126898.8,9.55,1,1,0,3.26722041,1,1,1,1,1
2131316.2,17.73,1,1,1,11.94585902,1,1,1,1,0
2131316.2,16.36,1,1,0,11.91573962,1,0,1,1,0
2131316.2,13.64,1,1,0,3.23630425,1,1,1,1,0
2132354.9,16.36,1,1,0,3.224118904,1,1,1,1,1
2133950,10.91,1,1,1,11.855261,1,1,1,1,1
2133959.1,17.73,1,1,0,3.21045817,1,1,0,1,0
2140894.6,24.55,1,1,1,3.166863495,1,0,0,1,0
2142218,13.64,1,1,0,11.79105388,1,1,0,1,0
2142452,21.82,1,1,0,3.16372358,0,1,0,0,2
2148845.4,36.82,1,1,0,11.75490213,0,1,0,1,0
2149802.2,15,1,1,1,11.71084476,1,1,0,1,1
2150474.3,20.45,1,1,1,3.113270219,1,0,1,0,0
2152731.1,17.73,1,1,0,11.70458429,1,1,0,0,0
2152768.8,24.55,1,1,1,3.057075896,1,1,0,1,1
2155263.5,40.91,1,0,0,11.41512422,1,1,0,1,0
2155263.5,31.36,1,1,0,11.39130689,1,1,1,1,0
2155263.5,8.18,1,1,1,11.37459438,1,1,1,2,1
2155263.5,17.73,1,1,1,11.33306383,1,1,1,0,1
2155263.5,16.36,1,1,0,11.32528641,1,1,1,2,1
2155263.5,19.09,1,1,1,3.04059529,1,1,1,0,0
2155263.5,16.36,1,1,1,3.035271688,1,1,0,2,1
2155263.5,16.36,1,1,1,3.009774081,1,1,1,1,1
2155263.5,13.64,1,1,1,2.981184903,1,1,1,1,1
2161434.6,16.36,2,1,0,2.971415985,1,1,0,0,1
2161784.3,10.91,1,1,1,11.3237378,1,1,1,1,1
2162851.6,25.91,1,1,1,2.968791676,1,1,0,1,0
2163067.4,17.73,1,1,1,2.9624671,1,1,1,1,0
2163228.6,10.91,1,1,1,11.25681035,1,1,1,1,1
2166290.1,21.82,1,1,1,2.945333513,1,0,1,0,1
2166720.4,19.09,1,1,1,11.20761021,1,1,1,1,0
2176415.8,42.27,1,0,0,11.18389624,1,1,0,1,1
2176965.7,15,1,1,1,2.935594944,1,1,1,1,0
2178636.2,24.55,1,1,0,11.07928199,1,0,0,0,0
2178866.3,38.18,1,1,1,10.94897659,0,0,0,1,0
2181284.3,19.09,1,1,1,10.93150726,1,1,1,0,0
2189515.9,23.18,1,0,0,2.92184356,0,0,0,0,0
2190360.9,8.18,1,1,1,2.897192119,1,1,1,2,1
2196257.7,45,1,0,0,2.896976775,1,1,0,1,1
2196298,16.36,1,1,0,10.89821194,1,1,1,1,0
2198184.3,16.36,1,1,0,2.876634809,1,1,1,2,2
2198501.5,16.36,1,1,0,10.85338127,1,1,1,2,2
2203158.1,20.45,1,1,1,10.81140885,1,1,1,1,0
2203158.1,19.09,1,1,0,10.79741214,1,1,0,1,2
2203158.1,13.64,1,1,0,2.852400138,1,1,0,2,0
2203158.1,12.27,1,1,0,2.850527858,1,1,0,2,0
2205712.6,15,1,1,1,10.79298265,1,1,1,1,0
2211573,15,1,1,1,2.842459849,1,1,1,1,0
2212497.3,15,1,1,1,10.66937917,1,1,0,1,1
2212637.7,31.36,1,1,0,2.831089973,1,1,1,1,1
2212736.5,16.36,2,1,0,2.825602932,1,1,0,1,0
2219595.3,16.36,1,1,1,10.66462202,1,1,0,2,1
2223113.1,15,1,1,1,10.65187386,1,1,0,1,1
2225615.6,12.27,1,1,0,10.60539755,1,0,0,2,0
2226296.8,21.82,1,1,1,10.57826913,1,0,1,0,0
2226614,15,1,1,0,10.52856944,1,1,1,2,0
2227105.4,20.45,1,1,0,10.51342665,1,1,0,0,0
2227105.4,17.73,1,1,1,2.774567104,1,1,0,1,1
2228181.8,12.27,1,1,0,10.44896364,1,1,1,2,0
2231667.1,23.18,1,0,0,2.752849461,0,0,0,0,0
2232890.4,19.09,1,1,1,10.41501993,1,1,1,0,1
2237240.2,13.64,1,1,0,10.40237896,1,1,1,1,0
2243090.2,16.36,1,1,1,10.35369982,1,1,1,1,1
2243676.5,39.55,1,1,1,10.33328278,0,0,0,1,0
2248474.8,20.45,1,1,0,10.21343398,1,1,0,1,0
2249517.4,20.45,1,1,1,10.21223394,1,1,1,1,0
2251052.7,17.73,2,1,1,10.20973495,1,1,0,0,1
2251052.7,16.36,2,1,0,10.07367567,1,1,0,2,0
2251052.7,17.73,1,1,0,10.03549821,1,1,0,0,0
2251052.7,10.91,1,1,1,9.909351028,1,1,1,1,1
2251052.7,15,2,1,0,2.618697617,1,1,0,1,1
2251052.7,27.27,1,1,0,2.606365742,0,1,0,0,0
2251052.7,27.27,1,1,0,2.595976503,0,0,1,0,0
2251052.7,9.55,1,2,1,2.550351984,1,1,0,2,2
2252764.8,20.45,1,1,1,2.494427243,1,1,1,0,0
2256203.3,23.18,1,1,0,2.447859851,0,1,0,0,2
2256605,21.82,1,1,1,9.838809602,1,0,1,0,0
2258620,21.82,1,1,1,9.807300983,1,0,1,0,1
2264369.9,38.18,1,1,0,2.439157678,0,1,0,1,0
2265356.6,30,1,1,0,2.42579834,0,0,1,0,0
2272886.2,15,1,1,0,9.719069693,1,1,0,2,2
2273484.2,24.55,1,1,0,2.403302789,1,1,1,0,0
2275000,21.82,2,1,0,2.381971697,1,0,1,0,0
2275000,17.73,1,1,0,2.377010245,1,1,1,1,0
2279789.2,9.55,1,1,0,9.657723274,1,1,1,2,2
2281932.9,12.27,1,1,1,2.345331011,1,1,1,1,0
2283325.2,16.36,2,1,0,9.626016215,1,1,0,2,1
2285838.1,10.91,1,1,0,2.332562394,1,1,1,1,1
2288841.1,16.36,1,1,1,2.326199699,1,1,0,2,1
2289787.5,27.27,1,1,0,9.615918667,0,0,1,0,0
2291654.3,15,1,1,0,9.60619608,1,1,1,1,0
2294158.1,12.27,1,2,1,9.602926507,1,1,1,2,2
2298947.3,23.18,2,1,0,9.602066661,1,0,0,0,1
2298947.3,16.36,2,1,1,9.557844339,1,1,0,2,2
2298947.3,21.82,1,1,1,9.508773349,1,0,1,1,0
2298947.3,19.09,1,1,1,9.472800266,1,1,1,0,0
2298947.3,16.36,1,1,1,9.443090463,1,1,1,1,0
2298947.3,15,1,1,0,9.411353683,1,1,0,2,0
2298947.3,17.73,1,1,0,2.307653507,1,1,0,1,0
2298947.3,13.64,1,1,1,2.283147127,0,1,1,1,1
2305390.1,12.27,1,2,1,2.272675276,1,1,1,2,2
2305847.7,15,2,1,0,9.359079712,1,1,0,1,0
2311740.6,17.73,1,1,1,2.248492562,1,1,0,1,0
2311826.4,19.09,1,1,0,9.355063108,1,1,1,1,0
2313233,17.73,2,1,0,2.221272659,1,1,0,1,0
2318342,9.55,1,2,1,9.348843202,1,1,0,2,2
2319652.4,31.36,1,1,0,9.318187954,1,1,1,1,1
2322894.6,16.36,1,1,1,9.28929398,1,1,0,1,0
2322894.6,16.36,1,1,0,9.28778085,0,1,0,1,2
2322894.6,21.82,1,1,1,2.191292575,1,1,0,0,2
2325239.8,23.18,1,1,1,2.179618836,1,0,1,1,0
2326772.5,17.73,1,1,0,2.177746029,1,1,0,0,0
2330434.6,19.09,1,1,0,2.177181334,1,1,1,1,0
2330996.2,16.36,1,1,1,2.173797212,1,1,1,1,1
2331252.3,20.45,1,1,0,9.265334021,1,1,0,0,1
2333925.1,19.09,1,1,0,2.159041795,1,1,0,0,0
2334733.7,28.64,1,1,0,9.167582571,0,1,0,0,2
2339195.3,23.18,1,1,1,2.13615298,1,1,0,0,2
2339910.3,21.82,1,1,1,9.150816968,1,1,1,1,0
2341077.7,16.36,1,1,0,2.08967656,1,1,1,1,0
2341132.3,17.73,2,1,1,9.136289776,1,1,0,0,1
2341193.4,16.36,2,1,1,2.086640363,1,1,0,2,0
2341244.1,17.73,1,1,1,9.134481921,1,1,1,1,0
2341550.9,16.36,1,1,0,9.1340614,1,1,0,1,0
2342052.7,17.73,1,1,0,9.116020533,1,1,1,0,0
2343328,9.55,1,1,0,9.114153091,1,1,1,2,2
2346841.9,9.55,1,1,1,9.10494855,1,1,1,2,0
2346841.9,17.73,1,1,1,9.093946389,1,1,0,1,2
2346841.9,17.73,1,1,1,9.078551012,1,1,1,1,0
2346841.9,15,1,1,0,8.979546714,1,1,1,2,0
2346841.9,9.55,1,1,1,2.080909546,1,1,1,2,0
2346841.9,12.27,1,1,1,2.03062244,1,1,0,2,1
2348924.5,15,2,1,0,8.935558698,1,1,0,1,0
2352203.1,21.82,2,1,0,8.927144225,1,0,1,0,0
2354965.6,19.09,1,1,0,8.924262621,1,1,1,0,0
2355177.5,28.64,1,1,0,2.016136656,0,1,0,0,2
2361325.2,15,1,1,1,2.007605655,1,1,1,1,1
2361403.2,19.09,1,1,1,8.918156128,1,1,1,0,1
2365483.9,17.73,1,1,1,1.954466484,1,1,1,1,0
2366976.3,23.18,2,1,0,8.914129464,1,0,0,0,1
2367684.8,19.09,1,1,1,1.942369158,1,1,0,1,0
2367888.9,23.18,1,1,0,8.908056603,1,1,0,0,1
2370789.2,9.55,1,1,0,8.878041589,1,1,1,2,2
2370789.2,24.55,1,1,1,8.87685723,0,0,1,0,0
2370789.2,13.64,1,1,1,1.871931973,1,1,0,2,0
2371201.3,9.55,1,2,1,1.869923366,1,0,0,2,2
2374719.1,15,1,1,1,1.859520753,1,1,1,1,1
2375357.4,9.55,1,1,1,8.876578278,1,1,1,2,2
2377455.6,8.18,1,1,1,8.865745462,1,1,1,2,0
2378353.9,19.09,1,1,1,1.855455589,1,1,1,0,0
2379010.4,15,1,1,0,1.8492573,1,1,1,2,0
2379096.2,9.55,1,1,0,8.812740434,1,1,1,2,2
2380120.6,15,1,1,1,8.805727686,1,1,0,2,0
2382266.9,12.27,1,1,1,8.786354636,1,1,0,2,0
2384638.1,24.55,1,1,1,1.844305822,0,0,1,0,1
2389947.3,21.82,1,1,1,1.84061427,1,1,1,1,0
2391192.7,17.73,1,1,0,1.83867165,1,1,0,1,0
2392783.9,20.45,1,1,0,1.8385493,1,1,0,1,0
2394425.8,15,1,1,0,8.655503485,1,1,0,2,2
2394736.5,16.36,3,1,1,8.645231973,1,1,1,1,0
2394736.5,34.09,1,1,1,8.625622069,1,0,1,1,1
2394736.5,34.09,1,0,0,8.58782128,1,1,1,1,0
2394736.5,27.27,1,0,0,8.555864794,0,1,1,1,0
2394736.5,27.27,1,1,0,8.507548417,0,0,0,1,0
2394736.5,9.55,1,2,1,8.478425162,1,1,1,2,1
2394736.5,16.36,1,1,0,8.471059331,1,1,1,2,0
2394736.5,16.36,1,1,0,8.470107953,1,1,1,2,0
2394736.5,16.36,1,1,0,8.451806267,1,1,1,1,2
2394736.5,13.64,1,1,0,8.428073989,1,1,1,2,1
2394736.5,13.64,1,1,0,8.408261443,1,1,1,1,1
2394736.5,45.1,1,1,1,1.818910674,0,0,1,0,0
2394736.5,43.64,1,1,1,1.802671509,0,0,1,1,2
2394736.5,20.45,2,1,1,1.801974582,1,1,1,1,1
2394736.5,19.09,1,1,0,1.7941323,1,1,1,1,0
2394736.5,17.73,1,1,0,1.793574723,1,1,1,1,0
2394736.5,16.36,1,1,1,1.791666053,1,1,1,1,0
2397330,19.09,1,1,0,1.785408638,1,1,1,1,1
2401288.5,17.73,1,1,1,8.392230614,1,1,0,1,0
2402392.2,9.55,1,1,1,8.378556031,1,1,1,2,0
2405202.8,23.18,1,1,1,8.377227446,1,0,1,1,0
2406719.9,16.36,1,1,0,8.364571055,1,1,0,2,2
2407046.2,23.18,1,1,1,1.76020602,1,1,1,1,0
2408681.6,17.73,2,1,1,1.755832187,1,1,0,0,1
2408838.9,16.36,1,1,0,8.351390284,1,1,1,1,0
2409680,16.36,3,1,1,8.321189952,1,1,1,1,0
2410725.2,13.64,1,2,1,1.744564926,1,1,1,2,2
2412218.9,21.82,2,1,0,8.319437001,1,0,1,0,0
2412971.6,16.36,2,1,0,8.311634415,1,1,0,1,0
2414963.2,17.73,2,1,0,1.738727365,1,1,0,2,0
2415683.4,19.09,1,1,0,8.299338683,1,1,1,0,0
2417343.5,17.73,3,1,1,1.738635061,1,1,1,1,0
2418683.8,17.73,1,1,1,8.293057644,1,1,1,1,0
2420809.3,19.09,1,1,1,8.281828131,1,1,1,0,0
2424024.2,15,1,1,0,8.266458748,1,1,0,2,2
2424869.2,17.73,1,1,1,8.262289826,1,1,0,1,2
2431157.3,12.27,1,1,1,8.259917365,0,1,1,1,0
2432470.3,10.91,1,1,0,8.256830608,1,1,1,2,2
2433351.7,15,1,1,1,8.253250981,1,1,0,2,0
2441151.7,28.64,1,0,0,8.240567164,0,1,1,1,2
2442631.1,20.45,1,1,1,8.208513816,1,1,1,0,2
2442631.1,16.36,1,1,1,8.187419489,1,1,1,2,0
2442631.1,15,1,1,1,8.177402593,1,1,1,2,2
2442631.1,20.45,2,1,0,1.697520924,1,1,1,0,2
2442802.7,15,1,1,1,8.168971419,1,1,1,2,2
2445266.2,19.09,1,1,0,1.682251537,0,1,1,1,1
2447055,17.73,1,1,0,8.088191317,1,1,0,1,0
2447456.7,12.27,1,1,1,8.087616581,1,1,0,2,0
2452528,24.55,2,1,0,1.67203049,1,0,0,0,1
2453705.8,9.55,1,1,1,8.058245861,1,1,1,2,0
2455454.3,19.09,1,1,1,8.057629912,1,1,0,1,0
2456079.6,21.82,2,1,1,8.051239813,1,1,1,1,1
2456373.4,13.64,1,1,0,8.042791115,1,1,1,1,1
2458939.6,20.45,2,1,0,7.987325674,1,1,1,0,2
2460955.9,17.73,1,1,1,1.668042869,1,1,1,1,0
2465530.6,45,1,1,1,7.981991602,0,0,1,1,0
2465768.5,21.82,2,1,1,7.965277433,1,1,1,1,1
2465897.2,34.09,1,0,0,1.656750771,1,1,1,1,1
2466417.2,9.55,1,2,1,1.656522061,1,1,1,2,0
2466578.4,20.45,1,1,1,7.959411037,1,1,1,1,1
2466578.4,17.73,1,1,0,1.645986759,1,1,1,2,0
2469812.8,27.27,1,0,0,7.9549927,0,1,1,1,2
2472193.1,17.73,1,1,0,7.915948001,1,1,0,1,0
2473435.9,45.1,1,1,1,7.887929319,0,0,1,0,0
2475400.2,19.09,1,1,0,1.610355748,1,1,1,2,1
2479662.9,19.09,1,1,0,1.607516143,1,1,1,2,1
2480184.2,34.09,1,1,1,1.607057856,1,0,1,1,0
2481960,17.73,1,1,1,7.830133888,1,1,1,1,0
2482101.7,13.64,1,1,0,7.793800229,0,1,1,2,0
2485736.5,16.36,1,1,1,7.780830387,1,1,1,2,0
2486157.7,17.73,1,1,1,7.765250504,1,1,0,1,0
2490525.7,27.27,1,0,0,7.711990319,1,1,1,0,1
2490525.7,10.91,1,1,0,7.707527839,1,1,1,1,0
2490525.7,19.09,1,1,0,7.681471297,0,1,1,0,2
2490525.7,19.09,1,1,0,7.669123824,1,1,1,0,1
2490525.7,16.36,1,1,0,7.656318636,1,1,1,2,1
2490525.7,16.36,1,1,1,7.617983964,1,0,1,1,1
2490525.7,13.64,1,2,1,7.561925005,1,1,1,2,1
2490525.7,15,1,1,0,1.545026786,1,1,0,1,1
2490525.7,13.64,1,1,0,1.525624643,1,1,1,1,0
2490989.8,16.36,1,1,1,1.507146965,1,1,1,2,0
2498086.5,13.64,1,2,1,7.539126322,0,1,1,2,2
2498960.1,20.45,1,1,0,7.492245568,1,1,1,0,1
2501499,16.36,1,1,1,7.464021802,1,1,1,2,0
2501523.7,16.36,1,1,0,7.452538586,0,1,1,2,0
2501655,23.18,1,1,1,7.448597839,1,1,0,0,2
2503009.6,16.36,1,1,0,7.436564513,1,1,1,2,1
2506182.9,17.73,1,1,1,7.429781347,1,0,1,1,0
2507676.6,20.45,1,1,1,1.470632805,1,1,1,0,0
2508242.1,15,1,2,1,1.466703504,0,1,1,2,2
2510064.7,15,1,1,0,7.424438635,1,1,1,2,0
2513691.7,27.27,1,1,0,7.407536876,0,0,0,1,0
2514301.4,16.36,1,1,0,7.404302947,1,1,1,1,0
2514474.3,25.91,1,1,0,7.385958541,0,0,1,0,2
2514474.3,16.36,1,1,1,7.384287218,1,1,1,2,2
2514474.3,16.36,1,1,1,7.378578902,1,1,1,2,0
2514474.3,16.36,1,1,1,7.378439074,1,1,1,1,1
2514956.6,47.2,1,1,1,7.343326612,0,0,1,0,0
2519909.6,17.73,1,1,1,7.283958947,1,1,1,2,0
2522877.5,16.36,1,1,1,7.253517076,1,1,1,1,2
2525675.1,36.82,1,0,0,7.246907168,1,1,1,1,1
2529108.4,16.36,1,1,1,7.245373983,1,1,1,2,0
2529272.2,10.91,1,1,0,7.230209479,1,1,1,1,1
2531049.3,13.64,1,1,0,7.230011589,1,1,1,1,0
2531327.5,10.91,1,2,1,1.427768965,1,1,1,2,0
2533631.1,13.64,1,1,0,7.227811292,1,1,1,1,1
2533631.1,24.55,1,1,1,1.42219934,1,1,1,0,2
2538421.6,27.27,1,0,1,7.214606566,1,0,1,0,0
2538421.6,19.09,1,1,1,7.193150551,1,1,1,1,0
2538421.6,16.36,1,1,1,7.155610085,0,1,1,1,1
2538421.6,16.36,1,1,0,7.125916741,1,1,1,1,2
2538421.6,17.73,1,1,0,1.41737242,1,1,1,1,1
2538642.6,19.09,1,1,0,7.12477806,1,1,1,0,1
2539104.1,17.73,2,1,1,7.118363913,1,1,0,2,0
2539790.5,28.64,1,0,1,7.108528619,1,0,1,0,1
2542056.4,27.27,1,0,0,7.107668278,1,1,1,0,0
2544123.4,27.27,1,1,0,1.386228804,0,0,1,0,1
2545104.9,16.36,1,1,1,1.376959219,1,1,0,1,1
2547069.2,19.09,1,1,1,7.07601963,1,1,1,1,0
2547389,16.36,1,1,1,7.0709163,1,1,1,1,0
2550510.3,16.36,1,1,0,7.064026281,1,1,1,2,1
2551109.6,20.45,1,1,1,7.060719395,1,1,1,1,2
2552373.2,17.73,1,1,1,7.046377442,1,1,0,1,2
2560569.7,17.73,1,1,0,7.042716376,0,1,1,2,1
2561347.1,15,1,1,0,7.031588036,1,1,1,1,1
2562368.9,16.36,1,1,1,7.027244367,1,0,1,1,1
2562501.5,27.27,1,1,0,7.024246969,0,0,0,1,0
2564357.9,23.18,1,1,1,7.024158201,1,1,1,1,0
2566657.6,25.91,1,1,0,7.003679088,0,0,1,0,1
2567428.5,21.82,1,1,1,6.998171276,1,1,1,0,2
2568493.2,10.91,1,1,1,6.9874836,1,1,1,2,2
2572974.3,16.36,1,1,0,6.977087689,1,1,1,2,1
2574062.4,16.36,1,1,1,6.964987028,1,1,1,1,2
2574458.9,10.91,1,1,0,6.964019106,1,1,1,0,2
2581525.7,38.18,1,1,0,6.907165492,0,1,1,0,2
2581525.7,31.36,2,1,1,1.326606073,0,1,1,0,2
2581525.7,10.91,2,1,1,1.316375569,1,1,1,1,2
2582630.7,34.09,1,1,1,6.862094336,1,0,1,1,0
2583561.5,17.73,1,1,1,6.856318646,1,1,1,1,0
2583734.4,10.91,1,1,0,6.8470501,1,1,1,1,1
2583747.4,13.64,1,1,0,6.806931446,1,1,1,1,0
2585624.6,20.45,1,1,1,6.800832384,1,1,1,1,1
2586316.2,38.18,1,1,0,6.789042638,1,1,1,0,2
2586316.2,21.82,1,1,1,6.765326317,1,1,1,1,1
2586316.2,16.36,1,1,0,6.76023467,1,1,0,2,1
2586316.2,15,1,1,1,6.753437616,0,1,1,2,1
2586316.2,25.91,1,1,0,1.28872472,1,1,1,1,0
2586316.2,13.64,1,1,1,1.281343723,1,1,1,1,2
2586442.3,15,1,1,0,6.70671301,1,1,0,1,1
2588985.1,17.73,1,1,1,6.66421367,1,1,1,2,2
2590088.8,16.36,1,1,1,6.655685489,1,0,1,0,2
2592370.3,16.36,1,1,1,6.655434448,0,1,1,1,1
2594742.8,16.36,1,1,0,6.653121782,1,1,1,2,0
2597332.4,20.45,1,1,1,6.641346087,1,1,0,1,1
2597381.8,19.09,1,1,0,6.626234056,1,1,1,1,1
2598566.1,15,1,1,0,1.262700732,1,0,1,1,1
2598625.9,16.36,1,1,0,1.261599639,0,1,1,1,1
2602445.3,20.45,2,1,0,1.257363311,1,1,1,0,2
2602957.5,19.09,1,1,1,6.616415779,1,1,0,1,2
2610263.5,15,1,2,1,6.612041399,1,1,1,2,1
2613516.1,39.55,1,1,0,6.608767312,1,1,1,0,2
2617711.2,30,1,0,0,6.603516224,1,1,1,2,0
2617812.6,25.91,1,1,1,6.592765256,0,0,1,0,0
2620926.1,15,1,1,0,6.591068394,1,1,1,2,0
2624631.1,15,1,1,1,6.589040706,1,1,1,2,0
2624809.2,12.27,2,1,1,6.581156973,1,1,1,1,2
2625152.4,17.73,1,1,1,1.242717009,1,1,1,2,0
2625192.7,15,1,1,0,6.548170946,1,0,1,1,1
2627709.5,24.55,1,1,1,6.545861289,1,1,1,0,2
2632402.5,19.09,1,1,0,6.539053352,1,1,1,1,1
2633647.9,15,1,1,1,6.526465586,1,1,1,2,0
2634210.8,24.55,2,1,1,6.522479329,0,1,1,1,1
2634210.8,9.55,1,1,1,6.518718754,1,1,1,1,1
2634210.8,32.73,1,1,0,6.497787232,0,0,1,1,1
2634210.8,9.55,1,2,0,6.469837726,1,1,0,1,1
2634210.8,19.09,1,1,1,6.464593683,1,1,1,2,1
2634210.8,17.73,1,1,0,6.452068319,1,1,1,1,1
2634210.8,15,1,2,1,6.418285252,1,1,1,1,2
2635821.5,45,1,1,1,6.404904178,0,0,1,1,0
2636159.5,27.27,1,1,0,6.399924187,1,1,1,1,0
2637376.3,15,1,2,1,6.39066926,1,1,0,2,1
2639608.4,15,1,1,1,1.194933811,1,0,1,2,1
2640133.6,13.64,1,1,1,6.389020794,1,1,1,1,0
2640796.6,32.73,1,1,0,6.373942643,0,0,1,1,0
2640857.7,19.09,1,1,0,1.194708317,1,1,1,1,1
2641004.6,27.27,1,0,1,6.341834376,1,0,1,0,1
2641255.5,16.36,1,1,1,6.335169937,1,1,1,2,1
2646208.5,16.36,1,1,1,6.315054607,1,0,1,1,0
2650696.1,16.36,1,1,0,1.175373402,1,1,1,2,1
2651547.6,19.09,1,1,0,6.289516847,1,1,1,1,1
2651924.6,24.55,2,1,1,6.275623167,1,1,0,1,1
2654613,15,1,2,1,6.266101053,1,1,1,1,1
2655664.7,38.18,1,1,0,6.264110866,0,1,1,0,2
2658158.1,15,2,2,1,6.262640884,1,1,1,2,0
2658158.1,17.73,1,1,1,6.26061594,1,1,1,1,0
2659103.2,10.91,1,1,1,6.253806052,0,1,1,1,1
2661720.1,25.91,1,1,1,6.240498098,1,1,1,0,2
2664998.7,21.82,1,1,0,6.232774405,1,1,1,0,1
2665110.5,16.36,1,1,0,6.231141969,1,1,1,1,2
2667797.6,16.36,1,1,0,6.215727011,1,0,1,1,1
2672207.2,19.09,1,1,1,6.20585479,1,1,1,2,0
2674341.8,9.55,1,2,0,6.178917564,1,1,1,1,1
2674561.5,32.73,2,1,1,6.166905119,0,1,0,0,2
2676828.7,16.36,1,1,0,6.151924558,1,1,1,2,1
2682105.4,24.55,2,1,1,6.138868862,1,0,1,0,0
2682105.4,9.55,2,1,1,6.126600895,1,1,1,1,1
2682105.4,36.82,1,1,1,6.114694755,1,0,1,0,2
2682105.4,32.73,1,1,0,6.097896446,1,0,1,1,2
2682105.4,17.73,1,1,0,6.089695161,1,1,1,2,1
2682105.4,15,1,1,1,6.080440255,1,1,1,1,2
2682105.4,13.64,1,1,0,1.15409,1,1,0,2,1
2683075.2,15,1,1,1,6.077925367,1,1,1,2,2
2683246.8,21.82,1,1,1,1.148528311,1,1,1,1,1
2683865.6,9.55,1,2,0,6.075129555,1,0,1,1,0
2686762,16.36,1,1,1,6.073878503,1,1,1,1,1
2687759.1,17.73,1,1,1,6.062073534,1,1,1,1,1
2689787.1,39.55,1,1,0,1.140691611,0,1,1,0,2
2693111.2,19.09,1,1,0,6.048665883,1,1,1,2,2
2695135.3,16.36,1,1,1,6.045854888,1,1,1,2,0
2695257.5,25.91,2,1,1,6.036057076,1,0,1,0,1
2696075.2,16.36,1,1,1,6.026904546,1,1,0,1,2
2709200,34.09,1,1,0,6.015656275,1,0,1,1,2
2714219.3,34.09,1,1,0,6.003348091,0,0,1,1,2
2714955.1,24.55,2,1,1,5.996892317,1,1,1,1,1
2716086.1,15,1,2,1,5.981212252,1,1,1,1,1
2716899.9,13.64,1,1,1,5.975581657,1,1,1,1,2
2721067.7,20.45,1,1,0,5.97475803,1,0,1,0,2
2725031.4,17.73,1,1,1,5.925326235,1,1,1,1,1
2725875.1,17.73,1,1,0,5.917970408,1,1,0,1,1
2730000,19.09,2,1,0,5.911604456,1,1,1,1,2
2730000,30,1,0,1,5.898212565,0,1,1,0,0
2730000,20.45,1,1,0,5.88003275,1,1,1,1,0
2730000,19.09,1,1,1,5.879077789,1,1,1,2,1
2730000,17.73,1,1,0,1.126545145,0,1,1,1,0
2730993.2,36.82,1,1,0,5.853961828,1,0,1,1,2
2731038.7,20.45,1,1,0,5.845130422,1,1,1,1,1
2732701.4,15,2,2,1,5.841949002,1,1,1,2,2
2739869.6,19.09,1,1,1,5.833494821,1,1,1,2,1
2741809.2,17.73,1,1,1,5.81691782,1,0,1,1,1
2741974.3,20.45,1,1,0,5.811654664,1,1,1,1,1
2741974.3,16.36,2,1,0,1.124908256,1,1,1,2,1
2753947.3,24.55,1,1,0,5.794034572,1,0,1,0,2
2753947.3,16.36,1,1,1,1.116716705,1,1,1,2,1
2753947.3,16.36,1,1,0,1.115248488,1,1,1,2,1
2755356.5,16.36,2,1,0,5.789511435,1,1,0,2,1
2760295.2,13.64,1,1,0,1.108319742,1,1,1,2,1
2761311.8,17.73,1,1,1,5.789456002,1,1,1,2,0
2762470.1,10.91,1,1,1,1.102644155,1,0,1,1,1
2762774.3,38.18,1,1,1,5.786830055,1,0,1,1,0
2767718.2,24.55,1,1,0,5.778839533,1,0,1,0,1
2773963.4,17.73,1,1,0,5.76307784,1,1,1,2,2
2774111.6,19.09,2,1,0,5.759347799,0,1,1,1,0
2774561.4,39.55,1,1,0,5.755292498,0,1,1,0,2
2777894.6,27.27,2,1,0,5.73927919,1,0,1,1,1
2777894.6,23.18,1,1,0,5.721384549,1,1,1,0,2
2777894.6,19.09,1,1,1,5.69235663,1,1,1,1,1
2777894.6,13.64,2,2,0,1.092886023,1,1,1,1,0
2777894.6,19.09,1,1,1,1.089290747,0,1,1,1,0
2778763,15,1,1,1,1.087905979,1,1,1,1,2
2779117.9,38.18,1,1,1,5.677854658,1,0,1,1,1
2780813.1,21.82,1,1,0,5.669524672,1,1,1,1,1
2781073.1,15,1,2,1,5.654232328,1,1,1,2,1
2791512.1,9.55,2,1,1,5.652624642,1,1,1,1,0
2792405.2,15,2,2,0,5.637064244,1,0,1,1,1
2793317.8,20.45,1,1,1,5.630577557,0,1,1,1,2
2796761.5,16.36,1,1,0,5.614136611,1,1,1,2,2
2797984.8,19.09,1,1,0,5.610192275,1,1,1,1,2
2799083.3,19.09,1,1,1,5.609770773,1,1,0,2,0
2801841.9,25.91,1,1,0,5.601051907,1,0,1,0,0
2801841.9,17.73,1,1,0,5.574028754,1,1,1,2,1
2801841.9,16.36,1,1,1,1.074220841,1,1,1,1,1
2803920.6,19.09,1,1,1,5.573856691,1,1,1,2,0
2804236.5,16.36,1,1,1,5.573501039,1,1,1,2,2
2804348.3,23.18,1,1,1,5.567605666,1,1,1,1,1
2805818.6,25.91,1,1,0,5.564441325,1,0,0,0,1
2810262,19.09,1,1,0,5.560284374,0,1,1,1,1
2815858.5,19.09,1,1,0,1.073197866,1,1,1,2,1
2820866.1,12.27,2,1,1,5.556772138,1,1,1,1,2
2821000,27.27,1,1,1,5.550257498,1,0,1,1,1
2824179.8,15,1,1,0,5.533058339,1,1,1,2,1
2824853.2,27.27,1,1,0,1.066535584,1,1,1,1,0
2825789.2,27.27,1,1,1,5.528113638,1,0,1,0,1
2825789.2,20.45,2,1,1,1.058819231,0,1,1,2,1
2828989.8,16.36,1,1,0,5.524738899,1,1,0,2,2
2837402.1,31.36,2,1,1,1.05722912,0,1,1,0,2
2841202,30,1,0,1,5.519029464,0,1,1,0,0
2849736.5,21.82,1,1,1,5.488925411,1,1,1,0,1
2849736.5,19.09,1,1,0,5.484761879,1,1,1,2,1
2849736.5,17.73,1,1,0,5.459403213,1,0,1,2,1
2850573.7,20.45,1,1,1,5.445836095,1,1,1,1,1
2854306,20.45,1,1,1,5.413941313,1,1,0,1,2
2864131.4,23.18,1,1,1,5.405943514,1,1,1,0,1
2864235.4,13.64,2,2,0,5.389751299,1,1,1,1,1
2864802.2,16.36,1,1,1,5.385492875,1,1,1,2,2
2868894.6,16.36,1,2,1,5.37503672,1,1,1,2,1
2868894.6,38.18,1,0,0,1.012551591,0,0,1,0,0
2872285,16.36,1,1,1,5.37435744,1,1,1,2,1
2873683.8,17.73,2,1,1,5.369715856,1,1,1,2,2
2873683.8,9.55,1,1,0,5.36851254,1,1,1,2,1
2873683.8,10.91,1,2,1,5.366821558,1,1,1,2,1
2873683.8,31.36,1,1,0,5.355456411,0,1,1,1,1
2873683.8,27.27,1,1,1,5.350675056,1,0,1,1,0
2873683.8,25.91,1,1,0,5.335424692,1,1,1,0,1
2873683.8,12.27,2,2,0,5.332933933,1,1,1,1,0
2873683.8,12.27,2,2,0,5.332112403,1,1,1,2,1
2873683.8,23.18,1,1,0,5.302096933,1,1,1,0,1
2873683.8,20.45,1,1,1,5.30098412,1,0,1,1,0
2873683.8,20.45,1,1,1,5.29606894,0,1,1,1,0
2873683.8,20.45,1,1,0,5.294324495,1,1,1,2,1
2873683.8,13.64,1,2,1,5.294284719,1,1,1,1,0
2873683.8,19.09,1,1,0,5.28749571,1,1,1,2,0
2873683.8,16.36,1,1,0,5.273686561,1,1,1,2,1
2873683.8,16.36,1,1,0,5.272143766,1,1,1,1,1
2873683.8,24.55,1,1,0,0.993703974,1,1,1,0,2
2874627.6,13.64,1,2,1,5.263450271,1,1,1,1,0
2876781.7,16.36,1,1,0,5.251894953,1,1,1,1,1
2877145.7,16.36,1,2,1,0.983790225,1,1,1,2,1
2877434.3,25.91,1,1,0,5.250533792,1,1,1,0,0
2878584.8,28.64,2,1,0,5.24203939,1,0,1,1,2
2878804.5,19.09,1,1,0,5.237709289,1,1,1,2,1
2881022.3,27.27,2,1,0,5.234436426,1,0,0,1,0
2881980.4,17.73,1,1,1,5.231411205,1,1,1,2,1
2888030.6,19.09,1,1,0,5.230040052,1,1,1,2,0
2888072.2,17.73,1,1,1,5.219976297,1,1,1,1,2
2888719.6,10.91,1,2,1,0.97830036,1,1,1,2,1
2893261.8,16.36,1,1,0,0.974016279,1,1,1,2,0
2896597.6,30,1,1,1,5.210768399,1,0,1,1,1
2897631.1,30,1,0,0,5.207948883,1,1,1,0,2
2897631.1,12.27,1,1,0,5.203153301,1,1,1,2,1
2898212.2,27.27,1,1,1,5.197410483,1,0,1,0,1
2898363,10.91,1,2,1,5.196695878,1,1,1,2,1
2898772.5,12.27,2,2,0,0.968485427,1,1,1,2,1
2898864.8,19.09,2,1,1,5.194405613,1,1,1,2,1
2900229.8,9.55,1,1,0,0.967254652,1,1,1,2,0
2901000.7,15,2,2,1,5.143079107,0,1,1,2,2
2902468.4,25.91,1,1,0,5.131740651,1,0,1,0,1
2904479.5,19.09,2,1,0,5.13125136,1,1,1,1,0
2909559.9,20.45,1,1,0,5.122890357,1,1,1,1,1
2916147,23.18,1,1,0,5.118999447,1,1,1,0,0
2916641,32.73,1,0,1,5.114627583,0,1,1,0,1
2916699.5,13.64,2,2,0,0.959112797,0,1,1,1,0
2916793.1,25.91,1,1,0,5.107699292,1,0,1,0,1
2918653.4,12.27,1,1,0,0.94743915,1,1,1,2,2
2919627.1,19.09,1,1,0,0.945632571,1,0,1,2,1
2919898.8,32.73,1,1,0,0.938150086,0,1,1,1,2
2920429.2,24.55,1,1,0,0.925132945,1,1,1,0,0
2921462.7,21.82,1,1,1,5.08833071,1,1,1,1,2
2921578.4,20.45,2,1,1,5.04849236,1,1,0,2,0
2921578.4,9.55,1,2,1,5.042330955,1,1,1,2,2
2921578.4,35.45,1,0,1,5.032736751,0,0,1,0,2
2921578.4,28.64,1,1,0,5.01680398,0,1,1,0,2
2921578.4,28.64,1,1,1,4.999136262,1,0,1,1,0
2921578.4,20.45,1,1,1,4.997148864,1,1,1,2,2
2923142.3,23.18,1,1,0,4.9861566,1,1,0,0,0
2926368.9,15,1,1,1,4.972807401,1,1,1,1,1
2926419.6,12.27,2,2,0,4.971719999,1,1,1,1,1
2927875.6,10.91,2,1,1,4.966983966,1,1,1,1,0
2932035.6,21.82,1,1,0,4.964200157,0,1,1,1,1
2932937.8,31.36,1,0,0,4.961056384,1,1,1,0,1
2934730.5,20.45,1,1,0,4.929122232,1,1,1,1,2
2937062.7,27.27,1,1,1,4.913457994,1,0,1,1,0
2942780.1,31.36,1,1,1,4.905878802,1,0,1,1,2
2943604.3,28.64,1,1,1,4.902907945,1,1,1,1,1
2945525.7,36.71,1,0,0,4.901971609,0,0,1,1,1
2945525.7,20.45,1,1,1,4.886808714,1,1,1,2,1
2945935.2,27.27,1,1,0,4.884482241,1,1,1,0,1
2946890.7,20.45,1,1,1,4.86974335,1,1,1,1,2
2948207.6,21.82,2,1,1,4.855182416,1,1,1,2,1
2954645.2,27.27,2,1,1,4.851488729,1,0,1,0,0
2955105.4,17.73,1,1,1,4.850567097,1,1,1,1,2
2956236.4,20.45,1,1,1,4.831745752,1,1,1,1,1
2962940.5,27.27,1,1,0,0.862290635,1,1,1,0,1
2963998.7,36.71,1,0,0,4.826999596,0,0,1,1,1
2965773.2,19.09,1,1,0,4.816237627,1,1,1,2,1
2969474.3,8.18,2,2,1,4.808638009,1,1,1,2,1
2969474.3,30,2,1,1,4.80719074,0,0,1,1,2
2969474.3,16.36,2,2,1,4.799828648,1,1,1,2,1
2969474.3,20.45,1,1,0,4.782112374,1,1,1,2,2
2969474.3,19.09,1,1,1,4.771169414,1,1,1,2,1
2970162,36.82,1,0,1,4.762678642,0,0,1,0,2
2973122.1,19.09,1,1,1,4.762283047,1,1,1,2,0
2974465,10.91,1,2,1,4.755100824,1,1,1,2,0
2979566.2,20.45,2,1,1,4.754641295,1,1,1,2,1
2984928.7,16.36,1,1,0,4.750701394,1,1,1,1,1
2985836.1,23.18,1,1,0,4.749920623,1,1,1,0,0
2986373,15,1,2,1,4.740551287,1,1,1,1,0
2987333.7,39.86,1,0,0,4.739939722,0,0,1,1,1
2991411.8,38.18,1,0,0,4.739376712,0,1,1,0,1
2992102.1,20.45,1,1,0,4.736643053,1,1,1,2,1
2993421.6,17.73,1,1,0,4.729422892,1,1,1,2,0
2995144.1,28.64,1,1,1,0.84080573,1,0,1,1,0
2997181.2,19.09,1,1,1,4.727969478,1,1,1,1,2
2997447.7,28.64,1,1,1,4.723405995,1,0,1,0,1
2998210.8,23.18,2,1,1,4.719763293,1,1,1,0,1
2998460.4,20.45,1,1,0,4.715243725,1,1,1,2,0
3000192,20.45,1,1,0,4.712105003,1,1,1,2,0
3001960,16.36,2,1,0,4.709332998,1,1,1,2,1
3005834,19.09,1,1,0,4.706418816,1,1,1,2,0
3006143.4,16.36,1,2,1,4.705335521,1,1,1,2,1
3006780.4,19.09,1,1,1,4.705119362,1,1,1,1,1
3007069,30,1,1,1,4.694897537,1,0,1,1,2
3008574.4,38.18,1,0,0,4.677806211,0,1,1,0,1
3010703.8,23.18,2,1,1,4.671812385,1,1,1,2,0
3010835.1,21.82,1,1,1,4.657949389,1,1,1,2,2
3010915.7,24.55,1,1,0,4.648775224,1,1,1,0,0
3011141.9,30,1,1,0,4.634670396,0,1,1,0,0
3011435.7,12.27,2,2,0,4.624090262,1,1,1,2,1
3012406.8,24.55,2,1,1,4.608548177,1,1,1,0,1
3012578.4,13.64,1,2,0,4.607367358,1,1,1,2,1
3012578.4,21.82,1,1,0,4.600457632,1,1,1,2,0
3012578.4,21.82,1,1,1,0.821610665,1,1,1,1,1
3014258,20.45,1,1,1,4.581424425,1,1,1,2,2
3016505.7,30,2,1,1,4.572443913,0,0,1,1,1
3016959.4,23.18,1,1,1,4.570129032,1,1,1,1,0
3017368.9,21.82,1,1,0,4.556446488,1,1,1,1,1
3017368.9,17.73,1,1,0,4.549198892,1,1,1,2,1
3020734.6,19.09,1,1,0,4.54704689,1,1,1,2,1
3020893.2,23.18,1,1,0,4.542530951,1,1,1,2,0
3022721,23.18,1,1,1,4.541318595,1,1,1,1,1
3031975.7,20.45,2,1,1,4.540120718,1,1,1,2,2
3032495.7,16.36,1,1,1,4.537586781,1,1,1,1,1
3035722.3,19.09,1,1,0,4.523747907,1,1,1,2,1
3039262.2,16.36,2,2,1,4.520954204,1,1,1,2,2
3040997.7,9.55,2,2,1,4.520843268,1,1,1,2,1
3041316.2,17.73,1,1,1,4.514163001,1,1,1,2,1
3043826.5,10.91,1,2,1,4.5120594,1,1,1,2,0
3045348.8,32.73,1,1,0,4.507178205,0,1,1,1,0
3045786.9,17.73,1,1,1,4.505477482,1,1,1,2,1
3048055.4,15,1,2,0,4.488238141,1,1,1,2,1
3051510.8,16.36,1,1,1,4.473547666,1,1,1,1,1
3052877.1,16.36,1,1,1,4.469624314,1,1,1,1,1
3056120.6,16.36,1,1,0,4.469047666,1,1,1,2,0
3060474.3,28.64,1,1,1,4.467267404,1,1,1,1,2
3060474.3,15,1,2,0,4.449342639,1,1,1,2,1
3060474.3,16.36,1,2,0,4.449022483,1,1,1,2,2
3064387.3,23.18,1,1,0,4.434820766,1,1,1,1,1
3065263.5,20.45,2,1,1,4.434355899,1,1,1,1,2
3065263.5,38.18,1,0,1,4.427975649,0,1,1,0,1
3065263.5,27.27,1,1,0,4.422859512,1,1,1,0,1
3065263.5,17.73,1,1,0,4.39677973,1,1,1,2,0
3065263.5,17.73,1,1,0,4.396144961,1,1,1,2,2
3066258,21.82,1,1,0,4.389581057,1,1,1,2,2
3070549.3,13.64,1,2,0,0.713886687,1,1,1,2,0
3085703.4,23.18,1,1,0,4.379662117,1,1,1,2,0
3087229.6,39.55,1,0,1,4.374085667,0,1,1,0,2
3087497.4,19.09,1,1,0,4.356335886,1,1,1,2,1
3087749.6,20.45,1,1,1,4.354064073,1,1,1,2,1
3088610.2,20.45,1,1,0,4.354056643,1,1,1,2,2
3089210.8,45,1,1,0,4.349104759,0,1,1,0,1
3089210.8,16.36,1,2,0,4.336167772,1,1,1,1,1
3089210.8,16.36,1,2,1,4.331346331,1,1,1,2,2
3089210.8,16.36,1,2,1,0.708686601,1,1,1,2,1
3091826.4,16.36,1,1,1,4.314221426,1,1,1,2,2
3092269.7,27.27,1,1,0,4.308892465,1,1,1,0,0
3094315.9,19.09,1,1,0,4.305846252,1,1,1,2,1
3095883.7,16.36,1,2,1,4.299535124,1,1,1,2,0
3098063.8,21.82,1,1,1,4.296024266,1,1,1,0,1
3106265.5,15,1,2,0,4.294481303,1,1,1,2,2
3108368.9,23.18,2,1,1,4.285843195,1,1,1,1,1
3108368.9,19.09,1,1,0,4.278473242,1,1,1,1,2
3108723.8,23.18,2,1,1,4.260054614,1,1,1,1,2
3109081.3,19.09,1,1,1,4.258053007,1,1,1,1,2
3111167.8,13.64,1,1,0,4.253969906,1,1,1,2,2
3111189.9,35.66,1,1,0,4.251789489,0,1,1,0,1
3113158.1,38.18,2,0,1,4.226973411,1,1,1,1,2
3113158.1,12.27,1,2,1,4.21204155,1,1,1,2,1
3113158.1,24.55,1,1,1,4.211173071,1,1,1,0,2
3113158.1,24.55,1,1,0,4.203631229,1,1,1,1,0
3113158.1,17.73,1,2,1,4.199935295,1,1,1,1,0
3113158.1,16.36,1,2,0,4.197056793,1,1,1,2,0
3113158.1,16.36,1,1,0,4.193866968,1,1,1,1,0
3113384.3,20.45,1,1,0,4.182082968,1,1,1,2,1
3120141.7,9.55,2,2,1,4.17630382,1,1,1,2,1
3127653.1,17.73,2,2,1,4.174959404,1,1,1,2,2
3132127.7,19.09,1,1,0,4.174681444,1,1,1,1,1
3132369.5,25.91,1,1,1,4.166101643,1,1,1,0,0
3134671.8,23.18,2,1,1,4.157764332,1,1,1,0,1
3136685.5,20.45,2,1,1,4.141235528,1,1,1,1,1
3137105.4,17.73,1,1,0,4.140507483,1,1,1,1,1
3137105.4,17.73,1,1,0,4.137734811,1,1,1,1,2
3137405.7,16.36,1,2,0,4.1282705,1,1,1,1,1
3137882.8,9.55,1,1,0,4.127002024,1,1,1,2,0
3138597.8,15,1,2,0,4.125903395,1,1,1,2,2
3143818.6,31.36,1,0,0,4.115192425,1,1,1,0,1
3150002.7,30,1,1,1,4.107351244,1,1,1,1,2
3155162.4,16.36,1,2,0,4.105863574,1,1,1,2,2
3156263.5,20.45,2,1,0,4.09487156,1,1,1,2,1
3156691.2,19.09,1,1,1,4.094666744,1,1,1,2,1
3160726.4,31.36,1,1,0,4.088974756,0,1,1,0,0
3161052.7,25.91,1,1,1,4.085185846,1,1,1,1,1
3161052.7,13.64,1,1,1,4.082356728,1,1,1,1,1
3161052.7,23.18,1,1,1,4.072662886,1,1,1,2,0
3161052.7,19.09,1,1,1,4.067748142,1,1,1,2,1
3161052.7,17.73,1,1,1,4.05829381,1,1,1,1,1
3161811.9,21.82,1,1,1,4.047927498,1,1,1,2,1
3163416.1,16.36,1,1,0,4.042714278,1,1,1,1,1
3163829.5,37.76,1,1,0,0.658408761,0,1,1,0,1
3169632.7,20.45,2,1,1,4.034461058,1,1,1,2,2
3176175.6,30,2,1,1,4.031453457,0,0,1,1,1
3176342,17.73,1,2,1,4.022971567,1,1,1,1,1
3177879.9,19.09,1,1,0,4.022873912,1,1,1,2,2
3179023.9,17.73,1,1,0,4.020953059,1,1,1,1,1
3185000,16.36,1,1,0,4.018675626,1,1,1,1,2
3193586.5,16.36,1,2,1,4.016495197,1,1,1,2,1
3200858.7,13.64,1,1,1,4.014106453,1,1,1,1,1
3204048.9,16.36,1,2,0,4.012082656,1,1,1,1,1
3204883.5,36.82,1,0,1,4.011300363,0,0,1,0,0
3206582.6,24.55,2,1,1,4.01093527,1,1,1,1,2
3207825.4,16.36,1,2,0,3.988832496,1,1,1,2,1
3208947.3,43.64,2,0,1,3.985575088,1,0,1,1,1
3208947.3,27.27,1,1,0,3.984990508,1,1,1,0,1
3208947.3,24.55,1,1,0,3.983156343,1,1,1,0,1
3208947.3,23.18,1,1,1,3.980537962,1,1,1,2,1
3208947.3,19.09,1,1,1,3.979607561,1,1,1,1,2
3208947.3,16.36,1,1,1,3.972986176,1,1,1,1,1
3210243.4,17.73,1,2,0,0.645265056,1,1,1,2,2
3217953.7,45,2,0,1,3.961712196,1,0,1,1,1
3220033.7,23.18,2,1,1,3.961383608,1,1,1,1,0
3220620,23.18,1,1,1,3.959557858,1,1,1,2,1
3228572.1,17.73,1,1,0,3.952059263,1,1,1,1,2
3228592.9,39.55,2,0,1,3.945466499,1,1,1,1,0
3230039.8,19.09,1,1,0,3.942495215,1,1,1,2,0
3230503.9,27.27,1,1,1,3.928442786,1,1,1,1,1
3234353.2,17.73,1,1,0,3.917746651,1,1,1,1,1
3246565.4,19.09,1,1,1,3.917131107,1,1,1,2,0
3248320.4,12.27,1,2,1,3.899639466,1,1,1,2,2
3248953.5,17.73,1,1,1,3.899532482,1,1,1,1,1
3250392.6,19.09,1,1,0,3.896382769,1,1,1,2,1
3252052.7,28.64,1,1,1,3.89456831,1,1,1,0,1
3253263,16.36,1,1,0,3.894522665,1,1,1,1,1
3254551.3,17.73,1,1,1,3.89321445,1,1,1,2,1
3256841.9,35.66,1,0,0,3.888626822,0,1,1,0,2
3256841.9,42.27,1,1,0,3.873728312,1,1,1,0,1
3256841.9,28.64,1,1,1,3.873322031,1,0,1,0,0
3256877,23.18,1,1,1,3.871190738,1,1,1,1,0
3257783.1,42.27,1,1,0,3.870737115,1,1,1,0,1
3261072.1,16.36,1,1,1,3.870223766,1,1,1,1,1
3261631.1,15,2,2,1,3.868609286,1,1,1,1,1
3263429,24.55,1,1,0,3.865225379,1,1,1,1,1
3271885.5,20.45,1,1,0,3.864753969,1,1,1,2,2
3274147.5,36.71,1,0,0,3.862650806,0,1,1,0,0
3280542.2,28.64,1,1,0,3.86013895,1,1,1,0,2
3280789.2,36.82,2,0,0,3.858914811,1,0,1,0,0
3280789.2,31.36,1,1,0,3.847186526,1,0,1,0,1
3290495,17.73,1,1,0,3.845558239,1,1,1,1,2
3294005,28.64,1,1,1,3.845455101,1,1,1,1,2
3295849.7,36.71,1,0,0,3.845195848,0,1,1,0,0
3298010.3,24.55,1,1,0,3.844640485,1,1,1,0,1
3301205.7,24.55,1,1,0,3.837225736,1,1,1,1,0
3304086.5,20.45,1,1,1,3.834274899,1,1,1,1,1
3304601.3,30,1,1,1,3.827004806,1,1,1,0,1
3304659.8,21.82,2,1,0,3.823273707,1,1,1,2,1
3304736.5,27.27,1,1,0,3.816303343,1,1,1,0,0
3304736.5,21.82,1,1,0,3.811596874,1,1,1,2,1
3304736.5,19.09,1,1,0,3.805913141,1,1,1,2,1
3304736.5,31.36,1,1,0,0.625401458,1,0,1,1,2
3305318.9,19.09,1,1,0,3.801210299,1,1,1,1,2
3305775.2,42.27,1,1,0,3.791793624,1,1,1,0,1
3309569.9,38.18,1,0,1,0.614770928,0,1,1,0,2
3309784.4,27.27,1,1,0,3.781879684,1,1,1,0,1
3312589.8,24.55,1,1,0,3.752741612,1,1,1,1,1
3315947.7,25.91,1,1,0,0.614227537,1,1,1,0,0
3319318.6,16.36,1,1,1,3.746149704,1,1,1,1,1
3323227.7,27.27,1,1,0,0.614181756,1,1,1,0,0
3326783.2,28.64,1,1,0,3.725651998,1,1,1,0,2
3328518.7,24.55,1,1,1,3.723009452,1,1,1,2,1
3328604.5,19.09,1,1,0,3.723002069,1,1,1,2,0
3328683.8,20.45,1,1,1,3.720006555,1,1,1,1,0
3331026.4,20.45,1,1,1,3.716197373,1,1,1,1,0
3332735.9,25.91,1,1,1,3.711523534,1,1,1,0,0
3335616.7,20.45,1,1,0,3.705481278,1,1,1,2,0
3335871.5,21.82,1,1,0,3.702543691,1,1,1,2,1
3347494.8,16.36,2,2,1,3.699950597,1,1,1,1,1
3347841.9,23.18,2,1,1,3.699157094,1,1,1,1,1
3347841.9,15,2,1,1,3.694213196,1,1,1,1,0
3352631.1,45.1,1,0,1,3.689644941,0,1,1,0,1
3352631.1,24.55,2,1,1,3.680314244,1,1,1,1,1
3352631.1,13.64,1,1,0,3.676339154,1,1,1,2,1
3352631.1,30,1,1,1,3.675633587,1,0,1,0,1
3352631.1,28.64,1,1,1,3.669719286,1,1,1,1,1
3352631.1,25.91,1,1,0,3.668833047,1,1,1,0,1
3352631.1,13.64,1,2,1,3.665054334,1,1,1,2,1
3352631.1,21.82,1,1,1,3.66414205,1,1,1,1,1
3352631.1,20.45,1,1,1,3.654959658,1,1,1,1,1
3352631.1,20.45,1,1,0,3.652973563,1,1,1,1,1
3352631.1,19.09,1,1,1,3.641010335,1,1,1,2,0
3352631.1,19.09,1,1,1,3.637973216,1,1,1,2,2
3352711.7,16.36,1,2,0,3.631554724,1,1,1,2,1
3355861.6,16.36,2,1,1,3.631424785,1,1,1,1,1
3355924,38.18,2,0,0,0.602326112,1,0,1,0,0
3357421.6,19.09,1,1,0,3.628631318,1,1,1,1,2
3357996.2,13.64,1,2,1,3.625404816,1,1,1,2,2
3364403.9,13.64,1,1,1,3.614538838,1,1,1,1,1
3367946.4,31.36,1,1,1,3.611519632,1,0,1,0,0
3368972.1,19.09,1,1,1,3.607222225,1,1,1,1,1
3372998.2,31.36,1,1,0,3.607216809,1,0,1,1,0
3374969,47.2,1,0,1,3.60594014,0,1,1,0,2
3376578.4,27.27,1,1,1,3.596138775,1,1,1,1,1
3377103.6,19.09,1,1,1,3.589332385,1,1,1,2,1
3380092.3,27.27,1,1,1,3.570666501,1,1,1,1,1
3383290.3,23.18,1,1,1,3.563642246,1,1,1,2,1
3387494.5,42.27,2,0,1,3.552646311,1,1,1,1,0
3389504.3,28.64,1,1,1,0.579783216,1,0,1,0,2
3390947.3,12.27,1,1,0,3.550109288,1,1,1,1,1
3397635.8,21.82,2,1,0,3.543700409,1,1,1,2,1
3397716.4,28.64,1,1,1,3.543455548,1,1,1,1,1
3398336.5,20.45,1,1,1,3.535118244,1,1,1,1,1
3399477.9,36.71,2,0,1,3.529193276,1,0,1,1,1
3400525.7,20.45,2,1,0,3.521333304,1,1,1,2,0
3400525.7,35.45,1,1,0,3.520198461,0,0,1,1,1
3402090.9,49.3,1,0,1,0.579123728,0,1,1,0,2
3403160.8,19.09,1,1,0,3.518285471,1,1,1,1,1
3403623.6,20.45,1,1,1,0.564260225,1,1,1,2,0
3407450.8,17.73,1,2,1,3.51287441,1,1,1,2,2
3407547,17.73,1,2,1,3.499816666,1,1,1,2,1
3411694,32.73,1,1,0,3.497291101,1,0,1,0,0
3414182.2,19.09,1,1,0,3.491308529,1,1,1,1,2
3424474.3,36.82,1,0,1,3.48764703,0,0,1,0,1
3430640.2,30,1,1,1,3.485668701,1,0,1,0,2
3433305.2,13.64,1,2,1,3.483658631,1,1,1,2,1
3434012.4,17.73,1,2,1,3.482493364,1,1,1,1,1
3435905.2,23.18,2,1,1,3.473276884,1,1,1,1,1
3437946.2,31.36,1,1,1,3.467050205,1,1,1,0,1
3438453.2,20.45,2,1,0,3.466969203,1,1,1,2,1
3443631.1,21.82,1,1,0,3.466901254,1,1,1,2,1
3445354.9,24.55,2,1,1,3.458688297,1,1,1,1,1
3446457.3,39.55,1,0,1,3.455297775,0,0,1,0,1
3446985.1,20.45,1,1,1,3.452397414,1,1,1,2,1
3446996.8,39.55,2,0,0,3.44739362,1,0,1,0,1
3448421.6,34.09,2,1,0,3.44477791,0,1,1,0,1
3448421.6,37.76,1,1,0,3.440297736,0,0,1,1,0
3448421.6,30,1,1,1,3.424881202,1,1,1,1,2
3448421.6,16.36,1,2,1,3.421051355,1,1,1,1,1
3449037.8,35.45,1,1,0,3.418630638,0,0,1,1,1
3449919.2,34.09,1,1,0,3.41361278,1,0,1,1,2
3453858.2,20.45,1,1,0,3.412906677,1,1,1,1,2
3455251.8,16.36,2,2,1,3.408235655,1,1,1,1,1
3456163.1,36.82,1,1,0,3.395213144,0,0,1,1,1
3466485.1,20.45,1,1,0,3.385829117,1,1,1,1,1
3466993.4,13.64,1,1,0,3.38405651,1,1,1,2,1
3468441.6,21.82,1,1,1,3.382170638,1,1,1,1,1
3470892.1,23.18,1,1,1,3.374049941,1,1,1,1,1
3472368.9,25.91,1,1,1,0.448150606,1,1,1,0,0
3473324.4,38.18,2,1,0,3.370644048,0,1,1,0,2
3477581.9,15,1,2,1,3.370489577,1,1,1,2,1
3481754.9,15,2,1,1,3.368800549,1,1,1,1,1
3484020.8,28.64,1,1,0,3.365969586,1,1,1,0,1
3486233.4,27.27,1,1,0,3.352435214,1,1,1,0,0
3487978,19.09,1,1,1,3.332768133,1,1,1,2,1
3491247.5,32.73,1,1,1,3.32849271,1,1,1,1,2
3491740.2,21.82,1,1,1,3.321819585,1,1,1,1,1
3494959,17.73,1,1,0,3.320476962,1,1,1,1,2
3495512.8,23.18,1,1,0,3.318308835,1,1,1,2,1
3496316.2,39.86,1,1,1,3.309565004,1,1,1,0,2
3496316.2,13.64,1,1,0,3.295088322,1,1,1,1,0
3496316.2,13.64,1,1,0,3.28068171,1,1,1,1,1
3496316.2,27.27,1,1,1,3.276721004,1,1,1,1,2
3506044.1,39.86,1,1,1,3.268713346,1,1,1,0,2
3512104.7,13.64,1,1,0,3.263783551,1,1,1,1,2
3513935.1,28.64,1,1,0,3.257490686,1,1,1,0,1
3515203.9,30,1,1,1,3.257455582,1,1,1,1,2
3520263.5,36.82,1,1,0,3.253822466,0,1,1,1,1
3520263.5,15,1,1,0,3.250235252,1,1,1,1,1
3521118.9,38.18,1,1,0,3.245908026,0,1,1,1,1
3521519.3,16.36,1,2,1,3.240949656,1,1,1,1,1
3532410.7,34.09,1,1,0,3.236187145,1,0,1,0,0
3535710.1,20.45,2,1,0,3.233788049,1,1,1,2,1
3535957.1,21.82,1,1,0,3.229786137,1,1,1,2,1
3537528.8,27.27,2,1,1,3.224205787,1,1,1,1,1
3538427.1,24.55,1,1,1,3.221984622,1,1,1,2,1
3543247.5,27.27,1,1,1,3.217714428,1,1,1,1,1
3545106.5,20.45,1,1,1,3.217106994,1,1,1,1,0
3551369.9,34.09,2,1,0,3.215935409,0,1,1,0,2
3554424.9,21.82,1,1,0,3.215771779,1,1,1,1,1
3554827.9,12.27,1,1,0,3.213915509,1,1,1,1,1
3557574.8,19.09,1,1,1,3.211564632,1,1,1,2,1
3559030.8,23.18,2,1,1,3.208769613,1,1,1,1,1
3561832.3,38.81,1,1,0,3.203943402,0,0,1,1,1
3563829.1,16.36,1,1,0,3.203500856,1,1,1,1,1
3568158.1,20.45,2,1,1,3.200152352,1,1,1,2,1
3568158.1,15,1,1,0,3.199945572,1,1,1,1,1
3568158.1,32.73,1,1,0,3.198745506,1,1,1,0,2
3569673.9,36.82,1,0,1,3.19861379,0,0,1,0,1
3572830.3,35.45,1,1,0,3.196723913,1,1,1,0,2
3573286.6,30,1,1,1,3.196630962,1,0,1,0,0
3577736.5,32.73,1,1,0,3.196079971,1,0,1,0,1
3583057.4,16.36,1,1,0,3.195064156,1,1,1,1,1
3587316.2,27.27,1,1,1,3.194300867,1,1,1,1,1
3592105.4,45,2,0,1,3.194285879,0,1,1,1,0
3592105.4,30,2,1,1,3.189700702,1,1,1,1,2
3592105.4,24.55,2,1,1,3.186343782,1,1,1,1,0
3592105.4,35.66,1,0,1,3.186152166,1,0,1,0,1
3592105.4,19.09,2,2,0,3.156790462,1,1,1,2,1
3592105.4,38.18,1,0,1,3.14041035,0,0,1,1,0
3592105.4,38.18,1,0,1,3.139161121,1,0,1,1,2
3592105.4,17.73,1,1,1,3.138447547,1,1,1,2,1
3592105.4,24.55,1,1,1,3.138047456,1,1,1,1,1
3596171.8,38.18,1,1,0,3.131548597,0,1,1,1,1
3597989.2,23.18,1,1,0,3.129065506,1,1,1,2,1
3598409.1,24.55,1,1,1,3.116918843,1,1,1,1,1
3599854.7,30,1,1,1,3.113362965,1,1,1,1,1
3602245.4,28.64,1,1,1,3.111487127,1,1,1,0,0
3605204.2,17.73,1,2,1,3.108276437,1,1,1,1,1
3614559,37.76,1,0,1,3.10705672,1,0,1,0,1
3616052.7,20.45,1,1,0,0.430241522,1,1,1,2,1
3617385.2,13.64,1,1,0,3.092149299,1,1,1,1,0
3618521.4,39.86,1,1,1,3.091795948,1,1,1,0,2
3625365.9,24.55,1,1,1,3.088951962,1,1,1,1,1
3628649.7,35.66,2,0,1,3.086280019,0,1,1,1,1
3630025.1,19.09,2,2,0,3.061990617,1,1,1,2,2
3631083.3,17.73,1,1,1,3.059821322,1,1,1,2,0
3633095.7,24.55,2,1,1,3.058626164,1,1,1,1,0
3640000,35.45,1,1,0,3.055111994,1,0,1,1,0
3644282.2,13.64,1,1,0,3.053080288,1,1,1,1,1
3644890.6,25.91,1,1,1,3.04752366,1,1,1,0,0
3646409,36.82,1,1,0,3.047342051,1,0,1,1,0
3665370.8,34.09,1,1,0,3.044871305,1,0,1,0,1
3665697.1,28.64,1,1,1,3.040846674,1,1,1,1,1
3666357.5,34.09,1,1,0,3.024194708,1,0,1,0,1
3672917.3,30,2,1,1,3.023409571,1,1,1,1,1
3676669.1,34.09,1,1,0,3.015393634,1,1,1,0,2
3680843.4,15,1,1,0,3.009498254,1,1,1,2,1
3681416.7,23.18,1,1,0,3.007168876,1,1,1,2,1
3681520.7,21.82,1,1,0,3.003254555,1,1,1,2,1
3683105.4,30,1,1,0,3.000581625,1,1,1,0,0
3686173.4,39.55,1,0,1,2.999694335,1,0,1,1,0
3687894.6,30,1,1,1,2.997288594,1,1,1,1,2
3688462.7,30,2,1,1,2.995340374,1,1,1,1,0
3696735.9,28.64,1,1,1,2.994819416,1,1,1,1,1
3697293.6,31.36,1,1,0,2.989229678,1,1,1,0,0
3711841.9,31.36,1,1,0,2.981824434,1,1,1,0,1
3713312.2,15,1,1,0,2.980195063,1,1,1,1,2
3719011.4,21.82,2,2,0,2.97186312,1,1,1,2,2
3720893.8,35.66,2,0,1,2.971536881,0,1,1,1,1
3722171.7,39.55,1,0,1,2.961281076,0,0,1,1,2
3724003.4,31.36,1,1,1,2.959986775,1,1,1,1,2
3728091.9,28.64,1,1,1,2.953846156,1,1,1,1,1
3731691.6,39.55,1,0,1,2.950501581,1,0,1,1,0
3732437.8,15,1,1,0,2.943050273,1,1,1,1,1
3735789.2,30,2,1,1,2.941388564,1,1,1,0,2
3735789.2,28.64,2,1,0,2.938086689,1,1,1,0,1
3735789.2,15,1,1,1,2.931227746,1,1,1,1,2
3735789.2,27.27,1,1,1,2.92927371,1,1,1,2,1
3739912.8,20.45,2,1,1,2.928237832,1,1,1,2,1
3742809.2,28.64,2,1,0,2.923690827,1,1,1,0,2
3750331,31.36,1,1,0,2.920596789,1,1,1,0,1
3753452.3,25.91,1,1,1,2.91606375,1,1,1,1,1
3755715.6,36.71,1,0,1,2.915678839,1,0,1,0,1
3759736.5,12.27,2,2,0,2.912623089,1,1,1,1,0
3759736.5,36.82,1,1,1,2.904436215,1,0,1,1,1
3764949.5,13.64,2,2,0,2.904391256,1,1,1,1,2
3778658,38.81,1,1,0,2.896164594,0,0,1,1,1
3778894.6,31.36,1,1,1,2.889180953,1,1,1,1,1
3783683.8,15,1,1,1,2.888175841,1,1,1,2,1
3783683.8,27.27,1,1,0,2.885407917,1,1,1,1,1
3783683.8,16.36,1,2,0,2.874505723,1,1,1,2,2
3785622.1,15,1,1,0,2.873226981,1,1,1,1,0
3785622.1,31.36,1,1,1,2.871637133,1,1,1,1,1
3805889.1,30,1,1,1,2.862471358,1,1,1,1,1
3806952.5,28.64,1,1,1,2.862043527,1,1,1,1,1
3807009.7,30,2,1,1,2.854371462,1,1,1,0,1
3807159.2,35.45,1,1,0,2.846479184,1,0,1,1,0
3807631.1,24.55,2,1,0,2.837164011,1,1,1,2,1
3807631.1,20.45,2,1,1,2.835286921,1,1,1,1,2
3810966.9,27.27,1,1,0,2.828430852,1,1,1,1,2
3813251,21.82,2,1,1,2.827928381,1,1,1,2,1
3815602.7,36.82,1,1,1,2.82373373,1,0,1,1,1
3826391.4,31.36,1,1,0,2.82290772,1,1,1,0,0
3830349.9,32.73,1,1,1,2.81649363,1,1,1,1,2
3831578.4,36.71,2,0,1,2.814823313,1,0,1,0,2
3831578.4,30,2,1,1,2.814353412,1,1,1,1,0
3831578.4,36.71,1,0,1,2.813084364,0,0,1,0,2
3831578.4,21.82,2,1,1,2.810517787,1,1,1,1,0
3831578.4,21.82,2,1,1,2.808889569,1,1,1,2,1
3831578.4,28.64,1,1,0,2.805595998,1,1,1,0,1
3831578.4,24.55,1,1,0,2.804414182,1,1,1,2,1
3831578.4,23.18,1,1,1,2.804204004,1,1,1,2,1
3831578.4,23.18,1,1,0,2.797101515,1,1,1,1,1
3832589.8,16.36,1,1,1,2.795637098,1,1,1,2,1
3836076.4,28.64,1,1,1,2.788896069,1,1,1,2,1
3836574.3,30,1,1,0,2.785023229,1,1,1,0,1
3838597.1,39.86,2,0,1,2.773570284,1,0,1,0,1
3840651.1,27.27,1,1,0,2.773007013,1,1,1,1,2
3840980,31.36,2,1,1,2.771641591,1,1,1,1,1
3841320.6,15,1,1,1,2.768410691,1,1,1,2,1
3854217.9,30,2,1,0,2.768106829,1,1,1,0,2
3862593.8,25.91,2,1,0,2.755858557,1,1,1,2,2
3864477.5,25.91,2,1,1,2.752129815,1,1,1,1,0
3867500,30,2,1,1,2.744754032,1,1,2,1,1
3867640.4,40.91,1,0,1,2.743371892,0,0,1,1,2
3868495.8,28.64,1,1,1,2.742513559,1,1,1,2,1
3869456.5,15,1,1,1,2.737715521,1,1,1,1,2
3898206,31.36,1,1,0,2.734033267,1,1,1,0,1
3906085.3,17.73,1,1,1,2.732141147,1,1,1,2,0
3909995.7,37.76,1,0,1,2.719527451,0,0,1,0,1
3915015,16.36,1,1,1,2.714443458,1,1,1,1,2
3920636.2,15,1,1,0,2.714035481,1,1,1,1,1
3921886.8,21.82,2,1,1,2.703901309,1,1,1,2,2
3927368.9,24.55,2,1,0,2.701913459,1,1,2,2,1
3927368.9,20.45,2,1,0,2.69444953,1,1,2,2,1
3927368.9,28.64,1,1,0,2.693670683,1,1,1,1,0
3927368.9,25.91,1,1,1,2.686606759,1,1,1,2,0
3927368.9,23.18,1,1,0,2.680503705,1,1,1,2,2
3928060.5,31.36,2,1,1,2.679318969,1,1,2,1,1
3936658.7,21.82,2,1,0,2.679112249,1,1,2,2,1
3937012.3,13.64,2,2,0,2.677870787,1,1,1,1,2
3938383.8,20.45,2,1,1,2.674858759,1,1,1,1,1
3949649.6,31.36,2,1,1,2.663521048,1,1,1,1,1
3951316.2,27.27,1,1,1,2.658828221,1,1,1,2,0
3951394.2,23.18,1,1,0,2.647019634,1,1,1,1,2
3953024.4,17.73,1,2,0,2.646632357,1,1,1,2,1
3957380.7,23.18,1,1,1,2.64553285,1,1,1,2,0
3969153.5,21.82,2,1,1,2.643124437,1,1,1,2,2
3970474.3,31.36,1,1,0,2.640704584,1,1,1,0,1
3971269.9,23.18,2,1,1,2.63250617,1,1,1,1,0
3975263.5,25.91,2,1,0,2.6310001,1,1,2,1,0
3975263.5,21.82,1,2,0,2.622400697,1,1,1,1,1
3975263.5,23.18,1,1,0,0.339617575,1,1,1,2,1
3975634,28.64,2,1,0,2.620334588,1,1,2,1,1
3981211,32.73,1,1,0,2.619880134,1,1,1,0,1
3985910.5,25.91,1,1,0,2.612628188,1,1,1,2,1
3988357.1,38.81,1,0,1,2.607496969,0,0,1,0,1
3991999.7,24.55,1,1,0,2.607325221,1,1,1,2,1
3993203.5,30,2,1,1,2.602994619,1,1,1,0,1
3995765.8,27.27,2,1,0,2.599413481,1,1,1,2,2
4000418.5,34.09,1,1,1,2.59817124,1,1,1,1,1
4001973.3,23.18,1,1,0,2.591758395,1,1,1,2,1
4002859.9,35.45,1,1,0,2.577306345,1,1,1,0,1
4011758.4,31.36,1,1,0,2.573435037,1,1,1,0,1
4013578.4,21.82,1,2,0,2.566850898,1,1,1,1,0
4017419.9,37.76,2,0,1,2.565978555,1,0,1,0,1
4018368.9,39.86,1,0,1,2.561345552,1,1,1,1,2
4018368.9,24.55,1,1,0,2.55593741,1,1,1,1,1
4020000.4,36.82,1,1,1,2.550621095,1,0,1,1,1
4023158.1,32.73,1,1,0,2.550604626,1,1,1,1,0
4023158.1,30,1,1,1,2.54859772,1,1,1,2,0
4036812,28.64,1,1,0,2.547521265,1,1,1,1,2
4042558,23.18,1,2,0,2.545156554,1,1,1,1,0
4054241.1,25.91,1,1,0,2.530030185,1,1,1,1,2
4056965.9,25.91,1,1,1,2.527275205,1,1,1,2,0
4059066.7,25.91,1,1,0,2.52265882,1,1,1,1,2
4066263.5,54.55,1,1,0,2.521500396,1,1,1,0,1
4068144.6,25.91,1,1,0,2.518905393,1,1,1,2,1
4071052.7,32.73,2,1,1,2.516843759,1,1,2,0,2
4071052.7,28.64,2,1,0,2.513706005,1,1,2,1,1
4071052.7,16.36,2,2,0,2.513574391,1,1,2,1,2
4071052.7,32.73,1,1,1,2.513284114,1,1,1,0,2
4071052.7,31.36,1,1,1,2.512884103,1,1,1,0,2
4071052.7,30,1,1,0,2.511657208,1,1,1,2,1
4071052.7,30,1,1,1,2.511188846,1,1,1,2,1
4071052.7,28.64,1,1,0,0.308456736,1,1,1,1,2
4086187.3,23.18,1,1,0,2.511115331,1,1,1,1,2
4093833.9,30,1,1,0,2.499234255,1,1,1,1,2
4097372.5,30,1,1,0,2.482691572,0,1,1,2,2
4098763.5,24.55,2,1,0,2.445668985,1,1,2,2,0
4100501.6,25.91,2,1,0,2.444454143,1,1,2,2,0
4102828.6,32.73,1,1,1,2.434312758,1,1,1,0,1
4110480.4,17.73,2,2,0,2.418882323,1,1,2,1,2
4113508.1,27.27,2,1,0,2.416702133,1,1,2,1,1
4118947.3,36.82,1,1,0,2.414546278,1,0,1,0,2
4118947.3,31.36,1,1,0,2.413816103,1,1,1,1,0
4118947.3,31.36,1,1,1,2.412803241,1,1,1,0,1
4129331.7,17.73,1,2,0,2.410132335,1,1,1,2,1
4131458.5,28.64,2,1,0,2.404439446,1,1,2,1,1
4132988.6,31.36,1,1,0,2.402757854,1,1,1,1,0
4133080.9,27.27,1,1,1,2.395068033,0,1,1,2,0
4136424.5,24.55,1,1,0,2.394114038,1,1,1,2,1
4136642.9,23.18,1,2,0,2.393306441,1,1,1,1,0
4141754.5,30,1,1,1,2.38547476,1,1,1,2,0
4142009.3,30,1,1,0,2.384188609,1,1,1,1,2
4146608.7,34.09,1,1,1,2.383202455,1,1,1,0,1
4149312.7,30,1,1,1,2.377070322,1,1,1,2,2
4152278,23.18,1,2,0,2.375570472,1,1,1,1,0
4159183.6,31.36,1,1,1,2.371818433,1,1,1,2,2
4160001.3,31.36,1,1,1,2.367045846,1,1,1,0,2
4162052.7,19.09,3,2,1,2.365357045,1,1,1,2,2
4162052.7,43.64,1,0,1,2.364518946,1,0,1,0,2
4163529.5,20.45,2,1,1,2.357999333,1,1,1,1,1
4166841.9,30,2,1,1,2.350820099,1,1,2,1,1
4166841.9,38.18,1,1,1,2.35064369,1,1,1,1,1
4166841.9,30,1,1,1,2.348833699,1,1,1,1,0
4167225.4,36.82,1,1,0,2.340609816,1,0,1,0,1
4168563.1,58.74,1,1,0,2.338083009,1,1,1,0,1
4169272.9,17.73,2,2,0,2.336901982,1,1,2,1,2
4176902.6,40.91,1,0,1,2.336547473,1,1,1,1,1
4178816.2,15,2,1,1,2.336480113,1,1,2,1,1
4180835.1,23.18,2,1,1,2.331111099,1,1,1,1,0
4188022.8,43.01,1,0,1,2.32985089,1,1,1,1,1
4190789.2,28.64,1,1,1,2.328182943,1,1,1,2,0
4194257.6,23.18,2,1,0,2.325917184,1,1,2,2,1
4202482.7,27.27,1,1,1,2.32334836,1,1,1,2,0
4205903,30,2,1,0,2.323005665,1,1,2,1,1
4208735.7,21.82,3,2,1,2.321767526,1,1,1,2,2
4211520.3,34.09,1,1,1,2.321220776,1,1,1,0,1
4214736.5,24.55,2,1,1,2.321035691,1,1,2,1,0
4214736.5,20.45,1,1,1,2.310597415,1,1,1,1,1
4217164.9,32.73,1,1,0,2.310152475,1,1,1,1,0
4220938.8,30,2,1,1,2.31014096,1,1,2,1,1
4227002,24.55,1,1,1,2.304311988,1,1,1,2,0
4228121.3,31.36,1,1,1,2.301530042,1,1,1,2,0
4231536.4,20.45,3,2,1,0.306668513,1,1,1,2,2
4231561.1,30,1,1,1,2.300701745,1,1,1,2,0
4236875.5,56.64,1,1,0,2.297097084,1,1,1,0,1
4238683.8,28.64,1,1,1,2.296737005,1,1,1,2,1
4238683.8,24.55,1,1,1,2.296390041,1,1,1,1,2
4238683.8,24.55,1,1,1,2.295017101,1,1,1,1,2
4244715.8,34.09,1,1,0,2.291914833,1,1,1,1,0
4246438.3,31.36,1,1,1,2.289003879,1,1,1,1,1
4252210.3,28.64,1,1,1,2.287830067,1,1,1,2,0
4253540.2,30,1,1,0,2.282439199,1,1,1,1,2
4258157.8,34.09,2,1,1,2.281712991,1,1,2,0,2
4262631.1,30,1,1,1,2.278652168,1,1,1,1,0
4262631.1,24.55,1,1,1,2.277979817,1,1,1,1,0
4267139.5,25.91,1,1,1,2.270786584,1,1,1,1,2
4283102.2,30,1,1,1,2.267505097,1,1,1,1,0
4286578.4,27.27,2,1,1,2.262715418,1,1,2,1,0
4287702.9,30,1,1,1,2.26011237,1,1,1,2,0
4301078.6,20.45,1,1,1,2.259495982,1,1,1,1,0
4305736.5,30,1,1,1,2.250385383,1,1,1,2,0
4309294.6,43.64,1,0,1,2.237715306,1,0,1,0,2
4310525.7,27.27,2,1,1,2.2285272,1,1,2,2,1
4310525.7,19.09,1,2,1,2.222131419,1,1,1,2,1
4310525.7,40.91,1,1,1,2.198728173,1,1,1,1,1
4310525.7,32.73,1,1,1,2.192085325,1,1,1,1,1
4310525.7,28.64,1,1,1,2.1912749,1,1,1,2,2
4311703.5,42.27,1,1,1,2.18112349,1,1,1,1,2
4316815.1,21.82,1,2,0,2.178773507,1,1,1,1,0
4323359.3,15,2,1,1,2.176872017,1,1,2,1,1
4328820.6,32.73,1,1,1,2.170898434,1,1,1,1,1
4330913.6,34.09,1,1,1,2.170540774,1,1,1,0,2
4333600.7,28.64,2,1,1,2.169766748,1,1,2,1,0
4341513.8,32.73,2,1,1,2.168547067,1,1,2,1,1
4349521.8,24.55,1,1,0,2.165910308,1,1,1,2,1
4352010,32.73,1,1,1,2.165162484,1,1,1,0,1
4355547.3,39.55,1,1,1,2.161745446,1,1,1,1,0
4356521,30,1,1,1,2.159968279,1,1,1,2,2
4362152.6,39.55,1,1,1,2.151546208,1,1,1,1,0
4367325.3,32.73,1,1,0,2.150834295,1,1,1,1,0
4372481.1,31.36,1,1,1,2.150828395,1,1,1,1,1
4373001.1,31.36,2,1,1,2.143855389,1,1,2,1,1
4373986.5,30,1,1,1,2.142235585,1,1,1,2,0
4376109.4,25.91,1,1,1,2.138070611,1,1,1,1,1
4382368.9,21.82,1,1,1,2.137306172,1,1,1,2,2
4382521,25.91,1,1,1,2.132107954,1,1,1,1,2
4383650.7,25.91,1,1,1,2.113580857,1,1,1,1,0
4384679,27.27,2,1,1,2.107025866,1,1,2,2,1
4390139,23.18,1,1,1,2.105515992,1,1,1,2,2
4391947.3,31.36,1,1,1,2.097450675,1,1,1,1,2
4406316.2,39.55,2,1,1,2.097377931,1,0,2,1,1
4406316.2,23.18,1,1,1,2.093085684,1,1,1,2,2
4406906.4,21.82,1,1,1,2.087467621,1,1,1,1,0
4408479.4,31.36,1,1,0,2.085224933,1,1,1,2,2
4415192.6,19.09,1,2,1,2.084763606,1,1,1,2,1
4419616.5,25.91,2,1,1,2.069254458,1,1,2,1,1
4422545.4,24.55,2,1,1,2.066539392,1,1,2,1,1
4430263.5,17.73,1,1,1,2.050478903,1,1,1,2,1
4430263.5,34.09,1,1,1,2.047007818,1,1,1,1,0
4435388.1,32.73,1,1,1,2.043536819,1,1,1,1,1
4454210.8,17.73,1,2,1,2.041768794,1,1,1,2,1
4454210.8,38.18,1,1,1,2.040337627,1,1,1,0,0
4454210.8,30,1,1,1,2.036704113,1,1,1,2,2
4463371.9,23.18,1,1,1,2.036232344,1,1,1,2,1
4483174.8,28.64,1,1,1,2.025743789,0,1,1,2,1
4491490.9,34.09,2,1,1,2.020837525,1,1,2,0,2
4491792.5,19.09,1,1,1,2.018880088,1,1,1,2,1
4493114.6,40.91,1,1,1,2.018058081,1,1,1,1,2
4502105.4,27.27,1,1,1,2.016743945,1,1,1,1,1
4509351.6,30,1,1,1,2.014590525,1,1,1,2,2
4516543.2,31.36,1,1,1,2.012916728,1,1,1,2,0
4518029.1,21.82,1,1,1,2.00801315,1,1,1,2,2
4521043.8,17.73,1,2,1,2.006376992,1,1,1,2,1
4524769.6,38.18,1,1,1,1.995117785,1,1,1,0,2
4526052.7,36.71,1,1,1,1.988013188,0,1,1,1,1
4526052.7,17.73,1,2,1,1.9861853,1,1,1,1,2
4526259.4,39.55,1,1,0,1.972899825,1,0,1,0,1
4528659.2,34.09,1,1,1,1.971059156,1,1,1,1,0
4535631.1,27.27,1,1,1,1.959837064,1,1,1,1,1
4540090.1,36.71,1,0,1,1.957822946,1,0,1,0,2
4541223.7,31.36,1,1,1,1.957074617,1,1,1,2,0
4545443.5,39.55,2,1,1,1.956887542,1,0,2,1,2
4548506.3,28.64,1,1,1,1.956230272,1,1,1,2,1
4550000,17.73,1,1,1,1.95203928,1,1,1,1,2
4550000,19.09,2,2,1,1.950218556,1,1,2,1,1
4550000,30,1,1,1,1.948464753,1,1,1,1,2
4550000,28.64,1,1,1,1.94467281,1,1,1,1,2
4550000,27.27,1,1,1,1.943440885,1,1,1,2,2
4550000,25.91,1,1,1,1.93818494,1,1,1,1,2
4557922.2,19.09,1,1,1,1.936754036,1,1,1,2,1
4558275.8,19.09,1,2,1,1.934076984,1,1,1,2,1
4573947.3,30,1,1,1,1.929844894,1,1,1,2,2
4575698.4,31.36,1,1,1,1.921216918,1,1,1,1,2
4575773.8,27.27,1,1,1,1.918605801,1,1,1,2,2
4578151.5,28.64,1,1,1,1.917350253,1,1,1,1,1
4585517.3,15,2,1,1,1.912027093,1,1,2,1,1
4586121.8,27.27,1,1,1,1.909452833,1,1,1,1,2
4597894.6,23.18,1,1,1,1.90752438,1,1,1,1,0
4598096.1,31.36,1,1,1,1.906930606,1,1,1,1,2
4601697.1,37.76,1,1,1,1.904921766,0,1,1,1,2
4609471.1,24.55,1,1,1,1.89395301,1,1,1,1,1
4612253.1,31.36,1,1,1,1.893127142,1,1,1,1,0
4616064.7,30,2,1,1,1.885034249,1,1,2,1,0
4616943.5,17.73,1,2,1,1.884887854,1,1,1,2,1
4621841.9,27.27,2,1,1,1.884518716,1,1,2,2,0
4624358.7,21.82,2,2,1,1.881765425,1,1,2,1,1
4645789.2,41.96,2,0,1,1.878421382,0,0,2,0,1
4645789.2,17.73,1,1,1,1.873682241,1,1,1,1,2
4660393.4,19.09,1,1,1,1.873157545,1,1,1,1,1
4660747,43.01,2,0,1,1.866997906,0,0,2,0,2
4661406.1,30,1,1,1,1.844961118,1,1,1,1,2
4666309.7,38.18,1,1,1,1.842451582,1,1,1,0,2
4675456.5,31.36,1,1,1,1.84199195,1,1,1,1,2
4683980.6,20.45,1,1,1,1.838540004,1,1,1,1,1
4688373.3,27.27,1,1,1,1.834835834,1,1,1,1,1
4693683.8,27.27,1,1,1,1.818690312,1,1,1,1,2
4700789.6,24.55,1,1,1,1.813702297,1,1,1,2,1
4701242,19.09,2,2,1,1.813167488,1,1,2,1,1
4704953.5,32.73,1,1,1,1.81265129,1,1,1,1,2
4705546.3,25.91,1,1,1,1.805434258,1,1,1,1,0
4711796.7,27.27,1,1,1,1.800831591,1,1,1,1,2
4717631.1,35.45,1,1,1,1.800149069,1,1,1,1,0
4719665.6,31.36,1,1,1,1.796114667,1,1,1,2,2
4731379.9,27.27,2,1,1,1.788546348,1,1,2,2,1
4736828.2,23.18,1,1,1,1.786537636,1,1,1,1,0
4741578.4,46.15,1,0,1,1.784331069,0,1,1,1,2
4741578.4,40.91,1,1,1,1.778043776,1,1,1,1,2
4746974.7,19.09,1,2,1,1.772527443,1,1,1,1,1
4756601.2,30,1,1,1,1.770280544,1,1,1,2,2
4760152.8,19.09,1,1,1,1.768986809,1,1,1,1,2
4768312.9,47.2,1,0,1,1.750695468,0,1,1,1,2
4770420.2,36.82,1,1,1,1.745882276,1,1,1,1,0
4784370.5,31.36,1,1,1,1.745401076,1,1,1,1,2
4786442.7,30,1,1,1,1.733768844,1,1,1,1,2
4789474.3,38.81,1,0,1,1.730925841,0,0,1,0,2
4796127.7,42.27,1,1,1,1.728310833,1,1,1,1,2
4796916.8,35.45,1,1,1,1.72579325,1,1,1,1,0
4804819.5,27.27,1,1,1,1.716345504,1,1,1,1,1
4812879.5,28.64,2,1,1,1.71397424,1,1,2,2,0
4813421.6,28.64,2,1,1,1.705098888,1,1,2,2,2
4821220.3,39.86,1,0,1,1.701395702,0,0,1,0,2
4837368.9,28.64,2,1,1,1.696846933,1,1,2,1,2
4837368.9,40.91,1,1,1,1.687748296,1,1,1,0,1
4841924.1,39.55,2,1,1,1.682809577,1,0,2,1,2
4851912,43.64,1,1,1,1.678818034,1,1,1,1,2
4879322.5,30,1,1,1,1.67842989,1,1,1,1,1
4883398,28.64,1,1,1,1.673349373,1,1,1,1,2
4885263.5,27.27,1,1,1,1.671191979,1,1,1,1,1
4897838.4,19.09,1,1,1,1.670634943,1,1,1,1,2
4903351.7,31.36,2,1,1,1.670600701,1,1,2,2,2
4905050.8,35.45,1,1,1,1.670398403,1,1,1,1,0
4913286.3,37.76,1,1,1,1.669320933,0,1,1,1,2
4920100.9,31.36,1,1,1,1.666252056,1,1,1,2,0
4920263.4,19.09,1,2,1,1.664760816,1,1,1,1,1
4933158.1,35.45,2,1,1,1.663380664,1,1,2,2,2
4933158.1,27.27,1,2,1,1.659892691,1,1,1,1,1
4942264.6,28.64,1,1,1,0.299881678,1,1,1,1,1
4949597.9,24.55,1,1,1,1.649471393,1,1,1,1,0
4957105.4,40.91,2,1,1,1.640695158,1,1,2,1,2
4965984.4,28.64,1,1,1,1.629254704,1,1,1,1,1
4970724.2,42.27,1,1,1,1.628792169,1,1,1,0,1
4977508.9,48.25,1,0,1,1.626817349,0,1,1,1,2
4979494,42.27,2,1,1,1.626602179,1,1,2,1,2
4993775.8,28.64,2,1,1,1.622838341,1,1,2,1,2
4998126.9,46.15,2,0,1,1.617409189,0,0,2,0,2
5000039.2,35.45,2,1,1,1.610382252,1,1,2,2,1
5010114.2,30,2,1,1,1.59829832,1,1,2,2,2
5024158.1,39.86,2,1,1,1.59304369,0,1,2,1,1
5024312.8,28.64,1,1,1,1.58957549,1,1,1,2,2
5028947.3,27.27,2,1,1,1.583204398,1,1,2,2,1
5028947.3,23.18,1,1,1,1.58120778,1,1,1,1,1
5028947.3,27.27,1,1,1,1.572722062,1,1,1,2,0
5028947.3,27.27,1,1,1,1.572392555,1,1,1,2,2
5032582.1,27.27,1,1,1,1.5667296,1,1,1,2,0
5045818.7,40.91,1,1,1,1.56443782,1,1,1,0,1
5076841.9,34.09,1,1,1,1.556430187,1,1,1,1,0
5076841.9,34.09,1,1,1,1.554489229,1,1,1,2,1
5076841.9,28.64,1,1,1,1.546970404,1,1,1,2,0
5092191,28.64,1,1,1,1.544518957,1,1,1,2,0
5092486.1,28.64,2,1,1,1.539481103,1,1,2,2,2
5100789.2,19.09,1,2,1,1.535583555,1,1,1,1,0
5106290.8,30,2,1,1,1.52973554,1,1,2,2,0
5108291.5,28.64,1,1,1,1.518610681,1,1,1,2,1
5117940.1,34.09,1,1,1,1.50613401,1,1,1,2,1
5119270,43.64,2,1,1,0.298993882,1,1,2,1,2
5124328.3,20.45,1,2,1,0.273197852,1,1,1,1,0
5124736.5,30,1,1,1,1.504294077,1,1,1,2,2
5129321.6,24.55,1,1,1,1.504232827,1,1,1,1,1
5133490.7,27.27,1,2,1,1.493005106,1,1,1,1,2
5136505.4,34.09,1,1,1,1.483835048,1,1,1,2,1
5143277.1,35.45,2,1,1,1.47168293,1,1,2,2,1
5148683.8,27.27,1,2,1,1.466842895,1,1,1,2,2
5150181.4,24.55,1,1,1,1.458195894,1,1,1,1,1
5153567.9,35.45,1,1,1,1.457726759,1,1,1,1,0
5154800.3,30,1,2,1,1.457353504,1,1,1,1,2
5172631.1,27.27,2,1,1,1.456774327,1,1,2,2,1
5172631.1,27.27,1,2,1,1.442285091,1,1,1,1,2
5193942,31.36,2,1,1,1.440608192,1,1,2,1,2
5224684.4,28.64,1,2,1,1.44035787,1,1,1,2,2
5225685.4,27.27,2,1,1,1.436623635,1,1,2,2,2
5233992.4,43.01,1,0,1,1.436227602,0,0,1,0,2
5238671.1,40.91,2,1,1,1.417512534,0,1,2,1,1
5268421.6,27.27,2,1,1,1.412676132,1,1,2,2,1
5268421.6,30,1,1,1,1.411639461,1,1,1,2,0
5279281.8,27.27,1,2,1,1.40593834,1,1,1,1,1
5282109.3,20.45,1,2,1,1.404607805,1,1,1,1,0
5284834.1,28.64,1,1,1,1.360347,1,1,1,2,1
5323302.4,35.45,1,1,1,1.359617771,1,1,1,1,0
5326496.5,30,1,1,1,1.35790919,1,1,1,2,2
5342866.1,31.36,1,1,1,1.357759601,1,1,1,2,0
5347542.2,41.96,2,1,1,1.355992362,0,1,2,1,1
5364210.8,28.64,1,1,1,1.333450917,1,1,1,1,2
5366935.6,30,1,1,1,1.323314871,1,1,1,1,2
5388158.1,30,1,1,1,1.322877952,1,1,1,2,2
5400254.6,27.27,2,1,1,1.306890968,1,1,2,2,1
5405912.2,31.36,1,1,1,1.301045029,1,1,1,2,0
5412105.4,27.27,2,2,1,1.285919866,1,1,2,1,1
5417310.6,30,1,1,1,1.281430698,1,1,1,2,2
5433634.7,30,1,1,1,1.270627721,1,1,1,2,0
5445237.2,28.64,2,2,1,1.269342613,1,1,2,1,1
5448025.7,27.27,1,2,1,1.251854464,1,1,1,2,0
5460000,40.91,2,1,1,1.244763824,1,1,2,1,2
5502333.2,28.64,2,1,1,1.237204394,1,1,2,2,2
5503105.4,34.09,1,1,1,1.228633544,1,1,1,2,2
5522112.7,28.64,1,2,1,1.216557702,1,1,1,1,1
5523675.3,30,1,1,1,1.207276978,1,1,1,2,2
5524949.3,28.64,1,1,1,1.202700893,1,1,1,2,0
5529063.8,31.36,1,1,1,1.201876342,1,1,1,1,2
5530632.9,35.45,1,1,1,1.20136094,1,1,1,2,2
5537675,42.27,2,1,1,1.200383009,1,1,2,1,2
5540328.3,30,2,1,1,1.176080345,1,1,2,2,2
5555789.2,31.36,2,1,1,1.173382922,1,1,2,1,2
5556229.9,30,1,2,1,1.165022886,1,1,1,2,2
5585457.8,30,1,1,1,1.155823368,1,1,1,1,2
5597359.3,32.73,1,1,1,1.140669682,1,1,1,1,2
5598139.3,32.73,1,1,1,1.132743709,1,1,1,2,2
5603683.8,27.27,1,2,1,1.128017265,1,1,1,1,0
5605930.2,28.64,1,2,1,1.126899773,1,1,1,2,0
5629235.3,28.64,2,1,1,1.126860832,1,1,2,2,1
5632680.3,32.73,2,1,1,1.116052278,1,1,2,1,2
5675525.7,21.82,2,1,1,1.114705224,1,1,2,1,2
5677824.1,35.45,1,1,1,1.107040481,1,1,1,2,2
5688186.4,45,2,1,1,1.106737704,1,1,2,1,2
5697268.2,27.27,1,2,1,1.098943609,1,1,1,1,0
5747368.9,36.82,2,1,1,1.094962563,1,1,2,2,1
5747368.9,24.55,2,2,1,1.085643801,1,1,2,1,1
5747368.9,40.91,1,1,1,1.078698152,1,1,1,1,0
5747368.9,34.09,1,1,1,1.076392079,1,1,1,1,0
5747368.9,31.36,1,1,1,1.074685377,1,1,1,2,1
5761255.5,27.27,1,2,1,1.073933526,1,1,1,2,0
5761345.2,34.09,1,1,1,1.053106302,1,1,1,1,2
5761520.7,35.45,1,1,1,1.034175869,1,1,1,1,0
5779208.5,28.64,2,2,1,1.020897766,1,1,2,1,1
5780232.9,40.91,1,1,1,1.016170734,1,1,1,1,1
5790474.3,27.27,1,2,1,1.013134056,1,1,1,2,1
5794313.2,32.73,1,1,1,1.012624259,1,1,1,2,1
5820432.8,21.82,2,1,1,1.006664962,1,1,2,1,2
5843158.1,30,2,1,1,0.999162917,1,1,2,1,2
5867105.4,39.55,1,1,1,0.993241698,1,1,1,1,2
5873273.9,32.73,1,1,1,0.990870108,1,1,1,2,1
5913493.3,42.27,1,1,1,0.988724478,1,1,1,1,2
5915000,20.45,1,1,1,0.979769848,1,1,1,2,2
5915000,36.82,1,1,1,0.973140339,1,1,1,1,2
5917925,36.82,1,1,1,0.971109514,1,1,1,1,2
5920669.3,32.73,2,1,1,0.962304342,1,1,2,1,2
5938947.3,32.73,1,2,1,0.961060393,1,1,1,2,0
5983393,28.64,1,2,1,0.956524923,1,1,1,2,1
5986841.9,19.09,1,2,1,0.951261087,1,1,1,2,1
5997039.1,30,1,2,1,0.927891161,1,1,1,2,1
6017716.9,34.09,1,1,1,0.917558734,1,1,1,1,0
6021158,31.36,2,1,1,0.908873931,1,1,2,1,2
6025604,36.82,2,1,1,0.904908692,1,1,2,2,0
6031529.4,25.91,2,2,1,0.895037806,1,1,2,1,1
6039969,30,1,2,1,0.894905447,1,1,1,1,0
6058683.8,28.64,1,2,1,0.87676116,1,1,1,2,1
6079505.9,30,1,2,1,0.875356885,1,1,1,2,1
6082631.1,20.45,1,2,1,0.873428571,1,1,1,2,2
6084694.2,42.27,1,1,1,0.871951348,1,1,1,1,2
6117281.3,20.45,1,2,1,0.870818038,1,1,1,2,1
6123120.9,20.45,1,1,1,0.870247417,1,1,1,2,2
6130525.7,38.18,1,1,1,0.863975259,1,1,1,1,2
6131312.2,34.09,1,2,1,0.863695462,0,1,1,2,0
6142817.2,20.45,1,1,1,0.858776629,1,1,1,2,2
6148182.3,31.36,2,1,1,0.853965626,1,1,2,1,2
6156259.2,42.27,1,1,1,0.8513581,1,1,1,1,1
6222973.9,24.55,2,2,1,0.849557403,1,1,2,1,1
6226316.2,30,2,1,1,0.847512924,1,1,2,1,1
6226316.2,27.27,2,1,1,0.845905047,1,1,2,2,0
6249330.1,19.09,1,2,1,0.844051992,1,1,1,2,1
6256252.6,21.82,2,1,1,0.840266148,1,1,2,1,2
6266616.2,38.18,1,1,1,0.837775385,1,1,1,1,2
6299360.6,20.45,1,2,1,0.835298782,1,1,1,2,2
6318552.5,38.18,2,1,1,0.825385559,1,1,2,2,0
6322105.4,16.36,2,1,1,0.82218867,1,1,2,1,2
6322105.4,35.45,1,1,1,0.811735518,1,1,1,1,1
6325849.4,16.36,2,1,1,0.810098408,1,1,2,1,2
6369174.5,21.82,1,2,1,0.801856465,1,1,1,2,2
6370000,30,2,1,1,0.801396807,1,1,2,1,1
6378485.1,39.55,1,1,1,0.801288509,0,1,1,1,2
6383457.6,30,2,1,1,0.795389622,1,1,2,1,1
6421795.9,39.55,1,1,1,0.78683205,1,1,1,1,2
6465327.7,30,1,2,1,0.780082753,1,1,1,2,1
6484106.2,27.27,2,1,1,0.779395628,1,1,2,2,1
6488084.2,35.45,1,2,1,0.771016318,1,1,1,2,0
6520754.5,31.36,2,1,1,0.767957605,1,1,2,1,0
6544560.1,35.45,1,1,1,0.762308606,1,1,1,1,1
6591826.8,28.64,2,1,1,0.759384508,1,1,2,2,1
6623841.9,27.27,2,2,1,0.753510554,1,1,2,1,1
6639574.5,32.73,2,1,1,0.751734642,1,1,2,1,0
6680454.3,16.36,2,1,1,0.740728906,1,1,2,1,2
6705263.5,25.91,1,2,1,0.736070919,1,1,1,2,0
6705263.5,46.15,1,1,1,0.725935397,1,1,1,0,2
6722619.8,30,2,1,1,0.7181282,1,1,2,1,1
6734188.5,27.27,1,2,1,0.711859571,1,1,1,2,0
6753158.1,36.82,2,1,1,0.696964302,1,1,2,1,2
6813072.5,48.25,1,1,1,0.696726997,1,1,1,0,2
6831341.4,51.4,1,1,1,0.693345589,1,1,1,0,2
6856300.1,35.45,1,1,1,0.689008194,0,1,1,1,1
6911026.2,28.64,2,2,1,0.686353915,1,1,2,1,1
6917462.5,38.18,2,1,1,0.686058981,1,1,2,1,2
6938223.5,39.55,2,1,1,0.667032918,1,1,2,1,2
6944736.5,56.64,2,1,1,0.659134397,0,1,2,0,1
6944736.5,39.55,2,1,1,0.644153432,1,1,2,1,0
6967693.2,27.27,1,2,1,0.643594813,1,1,1,2,0
6968721.5,61.89,2,1,1,0.643366086,0,1,2,0,0
7022470,28.64,2,2,1,0.628109438,1,1,2,1,1
7052555.9,40.91,2,1,1,0.620445812,1,1,2,1,1
7197782.8,39.55,2,1,1,0.607791418,1,1,2,1,1
7251754.9,56.64,2,1,1,0.607601689,0,1,2,0,0
7423683.8,34.09,1,2,1,0.603313853,1,1,1,2,1
7775627.6,35.45,1,2,1,0.582676441,1,1,1,2,1
7806841.9,34.09,2,2,1,0.555593629,1,1,2,1,2
7833783.1,36.82,1,2,1,0.548607397,1,1,1,2,1
7948804.5,35.45,2,2,1,0.542986279,1,1,2,1,2
8357631.1,34.09,2,1,1,0.533144371,1,1,2,2,2
8381578.4,40.91,2,2,1,0.532843745,1,1,2,2,2
8381578.4,45,1,2,1,0.496796286,1,1,1,1,1
8391531.2,35.45,2,2,1,0.493029719,1,1,2,1,2
8404390.8,40.91,2,2,1,0.491694993,1,1,2,2,2
8550903.4,35.66,1,2,1,0.470293903,1,1,1,1,1
8586204.9,34.09,2,1,1,0.468960753,1,1,2,2,2
8781906.9,35.45,2,1,1,0.444221184,1,1,2,2,2
8818830.8,36.71,1,2,1,0.441075219,1,1,1,1,1
8829354.3,45,2,2,1,0.438559042,1,1,2,2,2
9100000,34.09,2,2,1,0.415357807,1,1,2,2,2
9427343.9,34.09,2,2,1,0.378980408,1,1,2,2,2
9536514,36.82,2,2,1,0.31441178,1,1,2,2,2
